[
  {
    "id": "fb58027e-e60a-4336-9277-d2a37a082c35",
    "data": [
      {
        "text": "hey",
        "userDefined": false
      }
    ],
    "isTemplate": false,
    "count": 0,
    "updated": 1526023376
  },
  {
    "id": "1979c871-46fc-4bd1-9b6f-2a00bd7b8c34",
    "data": [
      {
        "text": "there",
        "userDefined": false
      }
    ],
    "isTemplate": false,
    "count": 0,
    "updated": 1526023376
  },
  {
    "id": "7b234508-4e2a-45c6-9296-4ac36ce309e7",
    "data": [
      {
        "text": "?",
        "userDefined": false
      }
    ],
    "isTemplate": false,
    "count": 0,
    "updated": 1526023376
  },
  {
    "id": "c8e175a5-77c1-4ece-9d0b-aa152698fbc0",
    "data": [
      {
        "text": "hi",
        "userDefined": false
      }
    ],
    "isTemplate": false,
    "count": 0,
    "updated": 1526023376
  },
  {
    "id": "e3942e05-2ffd-4158-8c1e-689659cb2341",
    "data": [
      {
        "text": "hello",
        "userDefined": false
      }
    ],
    "isTemplate": false,
    "count": 0,
    "updated": 1526023376
  }
]