[
  {
    "id": "c3ceeafe-b1ec-4fc1-856b-5957c1769527",
    "data": [
      {
        "text": "remove my past reminders",
        "userDefined": false
      }
    ],
    "isTemplate": true,
    "count": 0,
    "updated": 1526549766
  },
  {
    "id": "dc8b29be-bb67-4ae0-b7ec-67bc6f677597",
    "data": [
      {
        "text": "can you cancel my reminder",
        "userDefined": false
      }
    ],
    "isTemplate": false,
    "count": 0,
    "updated": 1526549766
  },
  {
    "id": "71f8447e-bd8c-49b0-8132-3ed2531c7145",
    "data": [
      {
        "text": "don\u0027t",
        "meta": "@sys.ignore",
        "userDefined": false
      },
      {
        "text": " remind me anymore",
        "userDefined": false
      }
    ],
    "isTemplate": false,
    "count": 0,
    "updated": 1526549766
  },
  {
    "id": "e0f092ad-edfa-4903-b1f2-6f4ec07afb00",
    "data": [
      {
        "text": "erase reminder for ",
        "userDefined": false
      },
      {
        "text": "walking with my dog",
        "alias": "name",
        "meta": "@sys.any",
        "userDefined": true
      }
    ],
    "isTemplate": false,
    "count": 0,
    "updated": 1526549766
  },
  {
    "id": "b495fa65-1d3b-47bf-9c0a-f6c7471114ad",
    "data": [
      {
        "text": "cancel the ",
        "userDefined": false
      },
      {
        "text": "5 pm",
        "alias": "date-time",
        "meta": "@sys.date-time",
        "userDefined": true
      },
      {
        "text": " reminder",
        "userDefined": false
      }
    ],
    "isTemplate": false,
    "count": 1,
    "updated": 1526549766
  },
  {
    "id": "1779069c-ef91-4c6e-9c49-0c3ed4dd049d",
    "data": [
      {
        "text": "get",
        "meta": "@sys.ignore",
        "userDefined": true
      },
      {
        "text": " rid ",
        "userDefined": false
      },
      {
        "text": "of",
        "meta": "@sys.ignore",
        "userDefined": true
      },
      {
        "text": " my reminder",
        "userDefined": false
      }
    ],
    "isTemplate": false,
    "count": 0,
    "updated": 1526549766
  },
  {
    "id": "4f132816-99ed-4a93-bd89-53ad69e98d7c",
    "data": [
      {
        "text": "reminders off",
        "userDefined": false
      }
    ],
    "isTemplate": false,
    "count": 0,
    "updated": 1526549766
  },
  {
    "id": "6bdde0cd-562a-4b6b-a37a-11116babb5eb",
    "data": [
      {
        "text": "remove a reminder",
        "userDefined": false
      }
    ],
    "isTemplate": false,
    "count": 0,
    "updated": 1526549766
  },
  {
    "id": "4851c2ce-1d67-4a5b-9a3d-5a06300ea46a",
    "data": [
      {
        "text": "move reminder about ",
        "userDefined": false
      },
      {
        "text": "fitness",
        "alias": "name",
        "meta": "@sys.any",
        "userDefined": true
      },
      {
        "text": " to trash",
        "userDefined": false
      }
    ],
    "isTemplate": false,
    "count": 0,
    "updated": 1526549766
  },
  {
    "id": "b8411830-f0ae-4dca-bafa-c5374fa1aa06",
    "data": [
      {
        "text": "cancel ",
        "userDefined": false
      },
      {
        "text": "all",
        "meta": "@sys.ignore",
        "userDefined": true
      },
      {
        "text": " reminders for ",
        "userDefined": false
      },
      {
        "text": "today",
        "alias": "date-time",
        "meta": "@sys.date-time",
        "userDefined": true
      }
    ],
    "isTemplate": false,
    "count": 0,
    "updated": 1526549766
  },
  {
    "id": "148a1137-46e0-4f68-be0c-cf6281d48e5c",
    "data": [
      {
        "text": "remove my reminder for ",
        "userDefined": false
      },
      {
        "text": "today",
        "alias": "date-time",
        "meta": "@sys.date-time",
        "userDefined": false
      }
    ],
    "isTemplate": false,
    "count": 0,
    "updated": 1526549766
  },
  {
    "id": "bdcfbf3d-60f3-483d-953c-7c4dba6dc7d0",
    "data": [
      {
        "text": "remove reminders for ",
        "userDefined": false
      },
      {
        "text": "tomorrow",
        "alias": "date-time",
        "meta": "@sys.date-time",
        "userDefined": true
      }
    ],
    "isTemplate": false,
    "count": 1,
    "updated": 1526549766
  },
  {
    "id": "71497670-57f5-45e0-8dd4-9dc8a77932a4",
    "data": [
      {
        "text": "remove reminder titled ",
        "userDefined": false
      },
      {
        "text": "doctor\u0027s appointment",
        "alias": "name",
        "meta": "@sys.any",
        "userDefined": true
      }
    ],
    "isTemplate": false,
    "count": 0,
    "updated": 1526549766
  },
  {
    "id": "43399844-f6f3-4448-bf33-885184ab44c6",
    "data": [
      {
        "text": "please remove my reminder for ",
        "userDefined": false
      },
      {
        "text": "tomorrow",
        "alias": "date-time",
        "meta": "@sys.date-time",
        "userDefined": false
      }
    ],
    "isTemplate": false,
    "count": 0,
    "updated": 1526549766
  },
  {
    "id": "f412352f-f51c-44b1-b474-37e944e7c440",
    "data": [
      {
        "text": "remove ",
        "userDefined": false
      },
      {
        "text": "all",
        "meta": "@sys.ignore",
        "userDefined": true
      },
      {
        "text": " reminders for ",
        "userDefined": false
      },
      {
        "text": "this week",
        "alias": "date-time",
        "meta": "@sys.date-time",
        "userDefined": true
      }
    ],
    "isTemplate": false,
    "count": 0,
    "updated": 1526549766
  },
  {
    "id": "4b4fe399-44b8-45b4-8c66-65e76f4bd368",
    "data": [
      {
        "text": "i want to remove my ",
        "userDefined": false
      },
      {
        "text": "previous",
        "alias": "name",
        "meta": "@sys.any",
        "userDefined": true
      },
      {
        "text": " reminder",
        "userDefined": false
      }
    ],
    "isTemplate": false,
    "count": 1,
    "updated": 1526549766
  },
  {
    "id": "b7c96222-21d3-4f19-8d9a-11495ef5aede",
    "data": [
      {
        "text": "can you remove ",
        "userDefined": false
      },
      {
        "text": "previous",
        "alias": "name",
        "meta": "@sys.any",
        "userDefined": true
      },
      {
        "text": " reminders",
        "userDefined": false
      }
    ],
    "isTemplate": false,
    "count": 1,
    "updated": 1526549766
  },
  {
    "id": "54822b0b-0d69-4a51-acb4-5727580d862a",
    "data": [
      {
        "text": "remove reminder with name ",
        "userDefined": false
      },
      {
        "text": "business call",
        "alias": "name",
        "meta": "@sys.any",
        "userDefined": true
      }
    ],
    "isTemplate": false,
    "count": 0,
    "updated": 1526549766
  },
  {
    "id": "7aa01fec-bb4e-4c74-9458-abd4da3c6f9e",
    "data": [
      {
        "text": "remove reminders for ",
        "userDefined": false
      },
      {
        "text": "today",
        "alias": "date-time",
        "meta": "@sys.date-time",
        "userDefined": true
      }
    ],
    "isTemplate": false,
    "count": 0,
    "updated": 1526549766
  },
  {
    "id": "7da0864b-df0b-4e62-885c-0c5fb8bc94e7",
    "data": [
      {
        "text": "cancel reminder",
        "userDefined": false
      }
    ],
    "isTemplate": false,
    "count": 0,
    "updated": 1526549766
  },
  {
    "id": "49671fd4-6229-4e20-9a30-36845b309781",
    "data": [
      {
        "text": "reminder delete",
        "userDefined": false
      }
    ],
    "isTemplate": false,
    "count": 0,
    "updated": 1526549766
  },
  {
    "id": "5ad6bbe3-018d-4ffe-a275-be0715bd839a",
    "data": [
      {
        "text": "delete ",
        "userDefined": false
      },
      {
        "text": "all",
        "meta": "@sys.ignore",
        "userDefined": true
      },
      {
        "text": " reminders for ",
        "userDefined": false
      },
      {
        "text": "tomorrow",
        "alias": "date-time",
        "meta": "@sys.date-time",
        "userDefined": true
      }
    ],
    "isTemplate": false,
    "count": 0,
    "updated": 1526549766
  },
  {
    "id": "0f8b9bd6-fd8e-4464-8766-b4e87f863494",
    "data": [
      {
        "text": "remove reminders with title ",
        "userDefined": false
      },
      {
        "text": "dinner party",
        "alias": "name",
        "meta": "@sys.any",
        "userDefined": true
      },
      {
        "text": " for ",
        "userDefined": false
      },
      {
        "text": "tomorrow",
        "alias": "date-time",
        "meta": "@sys.date-time",
        "userDefined": true
      }
    ],
    "isTemplate": false,
    "count": 0,
    "updated": 1526549766
  },
  {
    "id": "a30121de-f2ed-49c5-98b1-2e3f7085f5bc",
    "data": [
      {
        "text": "do not remind me about ",
        "userDefined": false
      },
      {
        "text": "going to sleep",
        "alias": "name",
        "meta": "@sys.any",
        "userDefined": true
      }
    ],
    "isTemplate": false,
    "count": 0,
    "updated": 1526549766
  },
  {
    "id": "e399a37f-e71e-40c5-b742-6d9751f0c6f7",
    "data": [
      {
        "text": "delete another reminder",
        "userDefined": false
      }
    ],
    "isTemplate": false,
    "count": 0,
    "updated": 1526549766
  },
  {
    "id": "0228d134-81c5-47a6-9441-426f1fc1797b",
    "data": [
      {
        "text": "please remove my ",
        "userDefined": false
      },
      {
        "text": "previous",
        "alias": "name",
        "meta": "@sys.any",
        "userDefined": true
      },
      {
        "text": " reminders",
        "userDefined": false
      }
    ],
    "isTemplate": false,
    "count": 0,
    "updated": 1526549766
  },
  {
    "id": "a3ab2d26-dcd3-4ec0-9c00-c59acec11e96",
    "data": [
      {
        "text": "delete the reminder about ",
        "userDefined": false
      },
      {
        "text": "jogging",
        "alias": "name",
        "meta": "@sys.any",
        "userDefined": true
      }
    ],
    "isTemplate": false,
    "count": 0,
    "updated": 1526550190
  },
  {
    "id": "f8c98109-a757-41f0-a2e6-e175ed36161b",
    "data": [
      {
        "text": "remove reminders scheduled for when I come ",
        "userDefined": false
      },
      {
        "text": "home",
        "alias": "location",
        "meta": "@sys.location",
        "userDefined": true
      }
    ],
    "isTemplate": false,
    "count": 0,
    "updated": 1526549766
  },
  {
    "id": "3ad3db2e-0287-4f5d-9c7a-ee6196dbb1a8",
    "data": [
      {
        "text": "cancel the reminder",
        "userDefined": false
      }
    ],
    "isTemplate": false,
    "count": 0,
    "updated": 1526549766
  },
  {
    "id": "c9ac9070-8877-4630-ab8e-f4d8b6bc3332",
    "data": [
      {
        "text": "remove my ",
        "userDefined": false
      },
      {
        "text": "every day",
        "alias": "recurrence",
        "meta": "@recurrence",
        "userDefined": true
      },
      {
        "text": " reminders",
        "userDefined": false
      }
    ],
    "isTemplate": false,
    "count": 0,
    "updated": 1526549766
  },
  {
    "id": "a41f401c-eb5b-4862-abbc-c3be3894946e",
    "data": [
      {
        "text": "move reminder to trash",
        "userDefined": false
      }
    ],
    "isTemplate": false,
    "count": 0,
    "updated": 1526549766
  },
  {
    "id": "760f031f-ca34-498d-894c-591ff05b900e",
    "data": [
      {
        "text": "get",
        "meta": "@sys.ignore",
        "userDefined": false
      },
      {
        "text": " rid of my reminders",
        "userDefined": false
      }
    ],
    "isTemplate": false,
    "count": 0,
    "updated": 1526549766
  },
  {
    "id": "4e70e88e-0037-4f1d-8f66-e888dd80af70",
    "data": [
      {
        "text": "remove my reminder",
        "userDefined": false
      }
    ],
    "isTemplate": false,
    "count": 0,
    "updated": 1526549766
  },
  {
    "id": "767b2ca8-a537-4596-98cb-6b55ec2f1e1f",
    "data": [
      {
        "text": "do not remind me",
        "userDefined": false
      }
    ],
    "isTemplate": false,
    "count": 0,
    "updated": 1526549766
  },
  {
    "id": "83b0cc6d-d1ca-4cfb-81bb-41b9400772a3",
    "data": [
      {
        "text": "delete ",
        "userDefined": false
      },
      {
        "text": "one",
        "meta": "@sys.ignore",
        "userDefined": true
      },
      {
        "text": " ",
        "userDefined": false
      },
      {
        "text": "of",
        "meta": "@sys.ignore",
        "userDefined": true
      },
      {
        "text": " my reminders",
        "userDefined": false
      }
    ],
    "isTemplate": false,
    "count": 0,
    "updated": 1526549766
  },
  {
    "id": "9fa1e64c-c87f-47d2-829e-c92e30f84a24",
    "data": [
      {
        "text": "delete the ",
        "userDefined": false
      },
      {
        "text": "last",
        "meta": "@sys.ignore",
        "userDefined": true
      },
      {
        "text": " reminder",
        "userDefined": false
      }
    ],
    "isTemplate": false,
    "count": 0,
    "updated": 1526549766
  },
  {
    "id": "f5652906-1c87-4c97-b3d1-e11450f2f928",
    "data": [
      {
        "text": "i don\u0027t need ",
        "userDefined": false
      },
      {
        "text": "previous",
        "alias": "name",
        "meta": "@sys.any",
        "userDefined": true
      },
      {
        "text": " reminders",
        "userDefined": false
      }
    ],
    "isTemplate": false,
    "count": 0,
    "updated": 1526549766
  },
  {
    "id": "227c35d9-ab8e-47c7-9559-c3ac2a0b7413",
    "data": [
      {
        "text": "remove the reminder about ",
        "userDefined": false
      },
      {
        "text": "my yoga classes",
        "alias": "name",
        "meta": "@sys.any",
        "userDefined": true
      }
    ],
    "isTemplate": false,
    "count": 0,
    "updated": 1526549766
  },
  {
    "id": "8405710d-a434-4131-9e29-99c6ead6e952",
    "data": [
      {
        "text": "stop reminding me",
        "userDefined": false
      }
    ],
    "isTemplate": false,
    "count": 0,
    "updated": 1526549766
  },
  {
    "id": "356770d7-f653-4a41-b81f-20c00bceab84",
    "data": [
      {
        "text": "stop",
        "meta": "@sys.ignore",
        "userDefined": true
      },
      {
        "text": " reminding me about ",
        "userDefined": false
      },
      {
        "text": "jogging",
        "alias": "name",
        "meta": "@sys.any",
        "userDefined": true
      },
      {
        "text": " ",
        "userDefined": false
      },
      {
        "text": "every day",
        "alias": "recurrence",
        "meta": "@recurrence",
        "userDefined": true
      }
    ],
    "isTemplate": false,
    "count": 0,
    "updated": 1526549766
  },
  {
    "id": "e71a2986-ccf4-48b2-9dc9-e8b47f62dfc8",
    "data": [
      {
        "text": "erase ",
        "userDefined": false
      },
      {
        "text": "all",
        "alias": "all",
        "meta": "@all",
        "userDefined": true
      },
      {
        "text": " of my reminders",
        "userDefined": false
      }
    ],
    "isTemplate": false,
    "count": 0,
    "updated": 1526549766
  },
  {
    "id": "80d5d1e2-8c82-4801-a55a-3d13d2748996",
    "data": [
      {
        "text": "remove reminders for ",
        "userDefined": false
      },
      {
        "text": "1 am",
        "alias": "date-time",
        "meta": "@sys.date-time",
        "userDefined": true
      }
    ],
    "isTemplate": false,
    "count": 1,
    "updated": 1526549766
  },
  {
    "id": "fa1d8c39-ff6d-4766-ada5-84f9d77e1500",
    "data": [
      {
        "text": "cancel reminders for ",
        "userDefined": false
      },
      {
        "text": "8 am",
        "alias": "date-time",
        "meta": "@sys.date-time",
        "userDefined": true
      }
    ],
    "isTemplate": false,
    "count": 1,
    "updated": 1526549766
  },
  {
    "id": "66e989b0-f44d-4d40-97cf-cd4ccbce3a47",
    "data": [
      {
        "text": "remove reminder",
        "userDefined": false
      }
    ],
    "isTemplate": false,
    "count": 0,
    "updated": 1526549766
  },
  {
    "id": "86afe149-fc2e-4e03-97c7-c49f6fb4bb2a",
    "data": [
      {
        "text": "get",
        "meta": "@sys.ignore",
        "userDefined": true
      },
      {
        "text": " rid ",
        "userDefined": false
      },
      {
        "text": "of",
        "meta": "@sys.ignore",
        "userDefined": true
      },
      {
        "text": " ",
        "userDefined": false
      },
      {
        "text": "all",
        "alias": "all",
        "meta": "@all",
        "userDefined": true
      },
      {
        "text": " my reminders",
        "userDefined": false
      }
    ],
    "isTemplate": false,
    "count": 0,
    "updated": 1526549766
  },
  {
    "id": "e65a185d-ba17-4569-94ca-931ae63c8725",
    "data": [
      {
        "text": "forget ",
        "userDefined": false
      },
      {
        "text": "all",
        "alias": "all",
        "meta": "@all",
        "userDefined": true
      },
      {
        "text": " reminders",
        "userDefined": false
      }
    ],
    "isTemplate": false,
    "count": 0,
    "updated": 1526549766
  },
  {
    "id": "c1fa6886-ab8a-475b-9a50-95af1d975720",
    "data": [
      {
        "text": "remove my reminders",
        "userDefined": false
      }
    ],
    "isTemplate": false,
    "count": 0,
    "updated": 1526549766
  },
  {
    "id": "1c524cbd-95c3-4e68-a29b-8a2b169c64a7",
    "data": [
      {
        "text": "please remove ",
        "userDefined": false
      },
      {
        "text": "past",
        "alias": "name",
        "meta": "@sys.any",
        "userDefined": true
      },
      {
        "text": " reminders",
        "userDefined": false
      }
    ],
    "isTemplate": false,
    "count": 0,
    "updated": 1526549766
  },
  {
    "id": "8e29f6c9-1a54-435b-9341-4c14241c32ed",
    "data": [
      {
        "text": "remove my ",
        "userDefined": false
      },
      {
        "text": "previous",
        "alias": "name",
        "meta": "@sys.any",
        "userDefined": true
      },
      {
        "text": " reminders",
        "userDefined": false
      }
    ],
    "isTemplate": false,
    "count": 0,
    "updated": 1526549766
  },
  {
    "id": "1e8f3568-0cde-4233-a850-adf94d20cb0c",
    "data": [
      {
        "text": "remove ",
        "userDefined": false
      },
      {
        "text": "all",
        "alias": "all",
        "meta": "@all",
        "userDefined": true
      },
      {
        "text": " reminders",
        "userDefined": false
      }
    ],
    "isTemplate": false,
    "count": 1,
    "updated": 1526549766
  },
  {
    "id": "67f84e10-a6c9-49e1-b513-598a93e111ca",
    "data": [
      {
        "text": "erase ",
        "userDefined": false
      },
      {
        "text": "all",
        "meta": "@sys.ignore",
        "userDefined": true
      },
      {
        "text": " reminders",
        "userDefined": false
      }
    ],
    "isTemplate": false,
    "count": 0,
    "updated": 1526549766
  },
  {
    "id": "cbf316ca-7094-4d46-b29d-f0eb0308dc71",
    "data": [
      {
        "text": "remove reminder ",
        "userDefined": false
      },
      {
        "text": "yoga",
        "alias": "name",
        "meta": "@sys.any",
        "userDefined": true
      }
    ],
    "isTemplate": false,
    "count": 0,
    "updated": 1526549766
  },
  {
    "id": "b17a7f58-8530-4a18-ad07-581876d51675",
    "data": [
      {
        "text": "erase my reminders please",
        "userDefined": false
      }
    ],
    "isTemplate": false,
    "count": 0,
    "updated": 1526549766
  },
  {
    "id": "d31eb206-6722-4145-acf6-6886e0ae9e2d",
    "data": [
      {
        "text": "remove reminders set for ",
        "userDefined": false
      },
      {
        "text": "tomorrow",
        "alias": "date-time",
        "meta": "@sys.date-time",
        "userDefined": true
      }
    ],
    "isTemplate": false,
    "count": 1,
    "updated": 1526549766
  },
  {
    "id": "978c2614-0778-42a2-9666-f907bee71132",
    "data": [
      {
        "text": "remove ",
        "userDefined": false
      },
      {
        "text": "the whole list",
        "alias": "all",
        "meta": "@all",
        "userDefined": true
      },
      {
        "text": " ",
        "userDefined": false
      },
      {
        "text": "of",
        "meta": "@sys.ignore",
        "userDefined": true
      },
      {
        "text": " reminders",
        "userDefined": false
      }
    ],
    "isTemplate": false,
    "count": 0,
    "updated": 1526549766
  },
  {
    "id": "63d3d9cd-52b4-4481-bcbf-f393ba4d203d",
    "data": [
      {
        "text": "please cancel the reminder",
        "userDefined": false
      }
    ],
    "isTemplate": false,
    "count": 0,
    "updated": 1526549766
  },
  {
    "id": "bd958fbc-1fe7-4b32-ae12-78f95aa40b3d",
    "data": [
      {
        "text": "delete ",
        "userDefined": false
      },
      {
        "text": "all",
        "alias": "all",
        "meta": "@all",
        "userDefined": true
      },
      {
        "text": " reminders",
        "userDefined": false
      }
    ],
    "isTemplate": false,
    "count": 0,
    "updated": 1526549766
  },
  {
    "id": "2cec8567-05a1-4d31-88d0-382a1231737f",
    "data": [
      {
        "text": "remove reminders scheduled for when I ",
        "userDefined": false
      },
      {
        "text": "come",
        "meta": "@sys.ignore",
        "userDefined": true
      },
      {
        "text": " ",
        "userDefined": false
      },
      {
        "text": "home",
        "alias": "location",
        "meta": "@sys.location",
        "userDefined": true
      }
    ],
    "isTemplate": false,
    "count": 0,
    "updated": 1526549766
  },
  {
    "id": "ff74d627-a147-4179-8997-2769744c48ef",
    "data": [
      {
        "text": "remove reminder planned for ",
        "userDefined": false
      },
      {
        "text": "today",
        "alias": "date-time",
        "meta": "@sys.date-time",
        "userDefined": true
      }
    ],
    "isTemplate": false,
    "count": 0,
    "updated": 1526549766
  },
  {
    "id": "5cabe2a8-22a7-4340-8726-551a2b908c8f",
    "data": [
      {
        "text": "delete reminder",
        "userDefined": false
      }
    ],
    "isTemplate": false,
    "count": 0,
    "updated": 1526549766
  },
  {
    "id": "6e4f79bb-57fb-4aad-a3e2-1b781d4a5047",
    "data": [
      {
        "text": "get",
        "meta": "@sys.ignore",
        "userDefined": true
      },
      {
        "text": " rid of ",
        "userDefined": false
      },
      {
        "text": "all",
        "alias": "all",
        "meta": "@all",
        "userDefined": true
      },
      {
        "text": " my reminders",
        "userDefined": false
      }
    ],
    "isTemplate": false,
    "count": 0,
    "updated": 1526549766
  },
  {
    "id": "122b8088-e405-4af3-bd8d-3e7189cadeef",
    "data": [
      {
        "text": "cancel ",
        "userDefined": false
      },
      {
        "text": "all",
        "alias": "all",
        "meta": "@all",
        "userDefined": true
      },
      {
        "text": " reminders",
        "userDefined": false
      }
    ],
    "isTemplate": false,
    "count": 0,
    "updated": 1526549766
  },
  {
    "id": "51f0f189-8e2b-421e-8b0a-c0793cb8931e",
    "data": [
      {
        "text": "don",
        "meta": "@sys.ignore",
        "userDefined": true
      },
      {
        "text": " t remind me about ",
        "userDefined": false
      },
      {
        "text": "meeting with john",
        "alias": "name",
        "meta": "@sys.any",
        "userDefined": true
      }
    ],
    "isTemplate": false,
    "count": 0,
    "updated": 1526549766
  },
  {
    "id": "23e5b9d3-3d22-42e1-abbc-7440e3e85c9c",
    "data": [
      {
        "text": "erase my reminder",
        "userDefined": false
      }
    ],
    "isTemplate": false,
    "count": 0,
    "updated": 1526549766
  },
  {
    "id": "1377a844-4f18-4d44-bb23-4b6b9468bf63",
    "data": [
      {
        "text": "please ",
        "userDefined": false
      },
      {
        "text": "clear",
        "meta": "@sys.ignore",
        "userDefined": true
      },
      {
        "text": " ",
        "userDefined": false
      },
      {
        "text": "all",
        "alias": "all",
        "meta": "@all",
        "userDefined": true
      },
      {
        "text": " reminders that ",
        "userDefined": false
      },
      {
        "text": "deliver",
        "meta": "@sys.ignore",
        "userDefined": true
      }
    ],
    "isTemplate": false,
    "count": 0,
    "updated": 1526549766
  },
  {
    "id": "cc19f3d2-f487-44e0-ac0b-6354e39694ac",
    "data": [
      {
        "text": "please remove a reminder",
        "userDefined": false
      }
    ],
    "isTemplate": false,
    "count": 0,
    "updated": 1526549766
  },
  {
    "id": "14167bda-dd6e-4e9c-b131-d7657188419c",
    "data": [
      {
        "text": "turn off",
        "meta": "@sys.ignore",
        "userDefined": true
      },
      {
        "text": " reminder",
        "userDefined": false
      }
    ],
    "isTemplate": false,
    "count": 0,
    "updated": 1526549766
  },
  {
    "id": "96240e9d-7b65-4d86-9186-8810ca02ea24",
    "data": [
      {
        "text": "delete ",
        "userDefined": false
      },
      {
        "text": "today\u0027s",
        "alias": "date-time",
        "meta": "@sys.date-time",
        "userDefined": true
      },
      {
        "text": " reminder",
        "userDefined": false
      }
    ],
    "isTemplate": false,
    "count": 0,
    "updated": 1526549766
  },
  {
    "id": "34366c8e-d8c6-42af-823f-855e1a86665e",
    "data": [
      {
        "text": "cancel reminder ",
        "userDefined": false
      },
      {
        "text": "milk",
        "alias": "name",
        "meta": "@sys.any",
        "userDefined": true
      }
    ],
    "isTemplate": false,
    "count": 0,
    "updated": 1526549766
  },
  {
    "id": "3c6a6a95-13e7-4456-b2a6-afe8bb8d98d2",
    "data": [
      {
        "text": "remove reminder titled ",
        "userDefined": false
      },
      {
        "text": "dog",
        "alias": "name",
        "meta": "@sys.any",
        "userDefined": true
      }
    ],
    "isTemplate": false,
    "count": 0,
    "updated": 1526549766
  },
  {
    "id": "e37f9eac-3868-401c-88c1-428215b65af1",
    "data": [
      {
        "text": "cancel this reminder",
        "userDefined": false
      }
    ],
    "isTemplate": false,
    "count": 0,
    "updated": 1526549766
  },
  {
    "id": "caa5e0fa-861e-4a0b-a7b9-5ff14cccde29",
    "data": [
      {
        "text": "remove the notification about ",
        "userDefined": false
      },
      {
        "text": "milk",
        "alias": "name",
        "meta": "@sys.any",
        "userDefined": true
      }
    ],
    "isTemplate": false,
    "count": 0,
    "updated": 1526549766
  },
  {
    "id": "b0526e68-c628-4e63-94dd-130019b400d1",
    "data": [
      {
        "text": "erase reminder for ",
        "userDefined": false
      },
      {
        "text": "call you",
        "alias": "name",
        "meta": "@sys.any",
        "userDefined": true
      }
    ],
    "isTemplate": false,
    "count": 0,
    "updated": 1526549766
  },
  {
    "id": "8e6eaaf3-26e5-4899-859a-c09e90ff5a24",
    "data": [
      {
        "text": "remove my ",
        "userDefined": false
      },
      {
        "text": "weekly",
        "alias": "recurrence",
        "meta": "@recurrence",
        "userDefined": true
      },
      {
        "text": " reminders",
        "userDefined": false
      }
    ],
    "isTemplate": false,
    "count": 0,
    "updated": 1526549766
  },
  {
    "id": "7d80a741-c69d-4eb8-af0c-e2e3d46f08b6",
    "data": [
      {
        "text": "dismiss ",
        "userDefined": false
      },
      {
        "text": "airport pick up",
        "alias": "name",
        "meta": "@sys.any",
        "userDefined": true
      },
      {
        "text": " reminder",
        "userDefined": false
      }
    ],
    "isTemplate": false,
    "count": 0,
    "updated": 1526549766
  },
  {
    "id": "b0e48189-50f5-4d6f-ac2e-b2e8e96bcab8",
    "data": [
      {
        "text": "erase scheduled reminder",
        "userDefined": false
      }
    ],
    "isTemplate": false,
    "count": 0,
    "updated": 1526549766
  },
  {
    "id": "c5b00f46-af51-450f-b224-aef7c6df213d",
    "data": [
      {
        "text": "remove ",
        "userDefined": false
      },
      {
        "text": "all",
        "alias": "all",
        "meta": "@all",
        "userDefined": true
      },
      {
        "text": " my reminders",
        "userDefined": false
      }
    ],
    "isTemplate": false,
    "count": 0,
    "updated": 1526549766
  },
  {
    "id": "9d2f254b-3825-481b-a057-91c92b38f660",
    "data": [
      {
        "text": "please erase ",
        "userDefined": false
      },
      {
        "text": "all",
        "alias": "all",
        "meta": "@all",
        "userDefined": true
      },
      {
        "text": " reminders",
        "userDefined": false
      }
    ],
    "isTemplate": false,
    "count": 0,
    "updated": 1526549766
  },
  {
    "id": "79d2d87a-4265-44af-8ed9-0d13038dba92",
    "data": [
      {
        "text": "erase ",
        "userDefined": false
      },
      {
        "text": "all",
        "alias": "all",
        "meta": "@all",
        "userDefined": true
      },
      {
        "text": " reminders please",
        "userDefined": false
      }
    ],
    "isTemplate": false,
    "count": 0,
    "updated": 1526549766
  },
  {
    "id": "a64ce530-73d3-4792-bd43-77b8c00971bf",
    "data": [
      {
        "text": "remove reminder ",
        "userDefined": false
      },
      {
        "text": "milk",
        "alias": "name",
        "meta": "@sys.any",
        "userDefined": true
      }
    ],
    "isTemplate": false,
    "count": 0,
    "updated": 1526549766
  },
  {
    "id": "ab68a822-1050-4638-9dee-495cef9f4fb2",
    "data": [
      {
        "text": "remove reminder scheduled for when I\u0027m at ",
        "userDefined": false
      },
      {
        "text": "Waverley Street Palo Alto",
        "alias": "location",
        "meta": "@sys.location",
        "userDefined": true
      }
    ],
    "isTemplate": false,
    "count": 0,
    "updated": 1526549766
  },
  {
    "id": "9ea521c5-e460-4cc9-97bb-3bc08785ac89",
    "data": [
      {
        "text": "remove reminders",
        "userDefined": false
      }
    ],
    "isTemplate": false,
    "count": 0,
    "updated": 1526549766
  },
  {
    "id": "ebff4c01-d8ec-424c-aae4-4848f4a94699",
    "data": [
      {
        "text": "erase a reminder for ",
        "userDefined": false
      },
      {
        "text": "going to the store",
        "alias": "name",
        "meta": "@sys.any",
        "userDefined": true
      },
      {
        "text": " ",
        "userDefined": false
      },
      {
        "text": "tonight",
        "alias": "date-time",
        "meta": "@sys.date-time",
        "userDefined": true
      }
    ],
    "isTemplate": false,
    "count": 0,
    "updated": 1526549766
  },
  {
    "id": "4a9ee162-bc5a-4665-9bd6-b08f47cfc46c",
    "data": [
      {
        "text": "can you delete my reminder",
        "userDefined": false
      }
    ],
    "isTemplate": false,
    "count": 0,
    "updated": 1526549766
  },
  {
    "id": "64daf72a-154b-41bc-84c1-f37d5ee3a2a5",
    "data": [
      {
        "text": "remove reminders with title ",
        "userDefined": false
      },
      {
        "text": "dog",
        "alias": "name",
        "meta": "@sys.any",
        "userDefined": true
      },
      {
        "text": " for ",
        "userDefined": false
      },
      {
        "text": "tomorrow",
        "alias": "date-time",
        "meta": "@sys.date-time",
        "userDefined": true
      }
    ],
    "isTemplate": false,
    "count": 0,
    "updated": 1526549766
  },
  {
    "id": "45792c20-4373-4735-88f8-776505dfe7b0",
    "data": [
      {
        "text": "I want to delete reminder",
        "userDefined": false
      }
    ],
    "isTemplate": false,
    "count": 0,
    "updated": 1526549766
  },
  {
    "id": "ece7fdeb-e1a7-4838-9700-9c71f673452f",
    "data": [
      {
        "text": "erase ",
        "userDefined": false
      },
      {
        "text": "all",
        "alias": "all",
        "meta": "@all",
        "userDefined": true
      },
      {
        "text": " ",
        "userDefined": false
      },
      {
        "text": "of",
        "meta": "@sys.ignore",
        "userDefined": true
      },
      {
        "text": " my reminders",
        "userDefined": false
      }
    ],
    "isTemplate": false,
    "count": 0,
    "updated": 1526549766
  },
  {
    "id": "564349e5-1d47-4832-8e72-9d8c7b4f2f09",
    "data": [
      {
        "text": "delete this reminder",
        "userDefined": false
      }
    ],
    "isTemplate": false,
    "count": 0,
    "updated": 1526549766
  },
  {
    "id": "5619b65c-eb1b-4918-8d29-3cb70e6eada1",
    "data": [
      {
        "text": "delete ",
        "userDefined": false
      },
      {
        "text": "all",
        "alias": "all",
        "meta": "@all",
        "userDefined": true
      },
      {
        "text": " reminders for ",
        "userDefined": false
      },
      {
        "text": "tomorrow",
        "alias": "date-time",
        "meta": "@sys.date-time",
        "userDefined": true
      }
    ],
    "isTemplate": false,
    "count": 0,
    "updated": 1526549766
  }
]