[
  {
    "id": "a84247ed-a716-4831-b910-ddae9f7a4a05",
    "data": [
      {
        "text": "yes I\u0027d like to see them",
        "userDefined": false
      }
    ],
    "isTemplate": false,
    "count": 0,
    "updated": 1526302308
  },
  {
    "id": "8602e765-56f5-42e5-afc9-50945f04807d",
    "data": [
      {
        "text": "yes",
        "userDefined": false
      }
    ],
    "isTemplate": false,
    "count": 0,
    "updated": 1526302308
  },
  {
    "id": "b333efc4-91cc-47f3-ad57-92cd6338d306",
    "data": [
      {
        "text": "ok",
        "userDefined": false
      }
    ],
    "isTemplate": false,
    "count": 0,
    "updated": 1526302308
  },
  {
    "id": "9c10114e-e15b-4a06-ae80-934bf9f2a3c3",
    "data": [
      {
        "text": "yes i would like to see them",
        "userDefined": false
      }
    ],
    "isTemplate": false,
    "count": 0,
    "updated": 1526302308
  },
  {
    "id": "cecc2a82-ef7b-4a36-a4df-30e6426a8f2d",
    "data": [
      {
        "text": "sure",
        "userDefined": false
      }
    ],
    "isTemplate": false,
    "count": 2,
    "updated": 1526302308
  }
]