[
  {
    "id": "503c3b47-149b-46fc-a32e-45bcdacf399d",
    "data": [
      {
        "text": "definitely not",
        "userDefined": false
      }
    ],
    "isTemplate": false,
    "count": 1,
    "updated": 1526884370
  },
  {
    "id": "6a4a2434-54df-4ac1-a312-26fedddf1b51",
    "data": [
      {
        "text": "I don\u0027t want that",
        "userDefined": false
      }
    ],
    "isTemplate": false,
    "count": 0,
    "updated": 1526884370
  },
  {
    "id": "53b3159b-62b4-4b9b-b54f-1243b11ae25b",
    "data": [
      {
        "text": "never",
        "userDefined": false
      }
    ],
    "isTemplate": false,
    "count": 0,
    "updated": 1526884370
  },
  {
    "id": "58093200-b698-466d-8d60-a4961fcd5c8b",
    "data": [
      {
        "text": "nope",
        "userDefined": false
      }
    ],
    "isTemplate": false,
    "count": 0,
    "updated": 1526884370
  },
  {
    "id": "78c9dcce-c515-4ed1-95b0-271c6554b068",
    "data": [
      {
        "text": "no",
        "userDefined": false
      }
    ],
    "isTemplate": false,
    "count": 1,
    "updated": 1526884370
  },
  {
    "id": "717a3493-cc8e-4397-bceb-86e2f3e49110",
    "data": [
      {
        "text": "not really",
        "userDefined": false
      }
    ],
    "isTemplate": false,
    "count": 0,
    "updated": 1526884370
  },
  {
    "id": "01d9f6fb-f991-4b67-8027-a5db7ecb83b4",
    "data": [
      {
        "text": "don\u0027t do it",
        "userDefined": false
      }
    ],
    "isTemplate": false,
    "count": 0,
    "updated": 1526884370
  },
  {
    "id": "ba3d9be5-c7f4-420f-9036-877834275de1",
    "data": [
      {
        "text": "I don\u0027t think so",
        "userDefined": false
      }
    ],
    "isTemplate": false,
    "count": 0,
    "updated": 1526884370
  }
]