[
  {
    "id": "1cc9ff9c-b988-4927-ba5d-d788a70eb4ae",
    "data": [
      {
        "text": "please show my ",
        "userDefined": false
      },
      {
        "text": "all",
        "alias": "all",
        "meta": "@all",
        "userDefined": false
      },
      {
        "text": " reminders",
        "userDefined": false
      }
    ],
    "isTemplate": false,
    "count": 0,
    "updated": 1526383418
  },
  {
    "id": "d8b94425-e597-4d7e-bff7-b99ab48a57ea",
    "data": [
      {
        "text": "can i see my ",
        "userDefined": false
      },
      {
        "text": "all",
        "alias": "all",
        "meta": "@all",
        "userDefined": false
      },
      {
        "text": " reminders",
        "userDefined": false
      }
    ],
    "isTemplate": false,
    "count": 0,
    "updated": 1526383418
  },
  {
    "id": "fb44956c-77e5-4886-b50f-d5a8ff3e18b6",
    "data": [
      {
        "text": "show my ",
        "userDefined": false
      },
      {
        "text": "all",
        "alias": "all",
        "meta": "@all",
        "userDefined": false
      },
      {
        "text": " reminders",
        "userDefined": false
      }
    ],
    "isTemplate": false,
    "count": 0,
    "updated": 1526383418
  },
  {
    "id": "166ac2fd-6175-4297-8c54-4380dc975bc7",
    "data": [
      {
        "text": "show me my reminders\u0027 list",
        "userDefined": false
      }
    ],
    "isTemplate": false,
    "count": 0,
    "updated": 1526383418
  },
  {
    "id": "910297fc-3f66-4290-ab87-900a074c7e84",
    "data": [
      {
        "text": "what\u0027s ",
        "userDefined": false
      },
      {
        "text": "on",
        "meta": "@sys.ignore",
        "userDefined": false
      },
      {
        "text": " my reminder list",
        "userDefined": false
      }
    ],
    "isTemplate": false,
    "count": 0,
    "updated": 1526383418
  },
  {
    "id": "956ec0e1-7ada-4bcf-9cb0-9818df5090aa",
    "data": [
      {
        "text": "do you have any reminders for me for ",
        "userDefined": false
      },
      {
        "text": "today",
        "alias": "date-time",
        "meta": "@sys.date-time",
        "userDefined": true
      }
    ],
    "isTemplate": false,
    "count": 0,
    "updated": 1526383418
  },
  {
    "id": "aa7933b2-3118-42da-bf4b-49d5b70d274a",
    "data": [
      {
        "text": "reminders scheduled for ",
        "userDefined": false
      },
      {
        "text": "tomorrow",
        "alias": "date-time",
        "meta": "@sys.date-time",
        "userDefined": false
      }
    ],
    "isTemplate": false,
    "count": 0,
    "updated": 1526383418
  },
  {
    "id": "a81c527d-f1c0-44b5-87b0-85eea545e90e",
    "data": [
      {
        "text": "what time ",
        "userDefined": false
      },
      {
        "text": "will",
        "meta": "@sys.ignore",
        "userDefined": false
      },
      {
        "text": " you remind me",
        "userDefined": false
      }
    ],
    "isTemplate": false,
    "count": 0,
    "updated": 1526383418
  },
  {
    "id": "78ff90d1-baec-4906-81ba-455a004ec9da",
    "data": [
      {
        "text": "get",
        "meta": "@sys.ignore",
        "userDefined": false
      },
      {
        "text": " reminders called ",
        "userDefined": false
      },
      {
        "text": "dog",
        "alias": "name",
        "meta": "@sys.any",
        "userDefined": true
      }
    ],
    "isTemplate": false,
    "count": 0,
    "updated": 1526383418
  },
  {
    "id": "d1fd2b0e-beb5-4812-b6de-e8365c6f4e5d",
    "data": [
      {
        "text": "how ",
        "userDefined": false
      },
      {
        "text": "many",
        "meta": "@sys.ignore",
        "userDefined": false
      },
      {
        "text": " reminders do I have",
        "userDefined": false
      }
    ],
    "isTemplate": false,
    "count": 0,
    "updated": 1526383418
  },
  {
    "id": "42619caa-310f-4c12-bd20-e08f429849b8",
    "data": [
      {
        "text": "when is my reminder",
        "userDefined": false
      }
    ],
    "isTemplate": false,
    "count": 0,
    "updated": 1526383418
  },
  {
    "id": "b4dbbab1-5fab-4fb2-9c6c-bd3a8ed6f197",
    "data": [
      {
        "text": "are there any reminders for ",
        "userDefined": false
      },
      {
        "text": "today",
        "alias": "date-time",
        "meta": "@sys.date-time",
        "userDefined": true
      }
    ],
    "isTemplate": false,
    "count": 0,
    "updated": 1526383418
  },
  {
    "id": "368e480d-5be9-4302-8b56-21457a49d377",
    "data": [
      {
        "text": "do i have any reminders for ",
        "userDefined": false
      },
      {
        "text": "tomorrow",
        "alias": "date-time",
        "meta": "@sys.date-time",
        "userDefined": true
      }
    ],
    "isTemplate": false,
    "count": 1,
    "updated": 1526383418
  },
  {
    "id": "942420bc-61db-41f2-b946-da013c994fb4",
    "data": [
      {
        "text": "what reminders do I have for ",
        "userDefined": false
      },
      {
        "text": "this week",
        "alias": "date-time",
        "meta": "@sys.date-time",
        "userDefined": true
      }
    ],
    "isTemplate": false,
    "count": 0,
    "updated": 1526383418
  },
  {
    "id": "6a6b52da-8d18-439c-9e1f-1921af366955",
    "data": [
      {
        "text": "go to reminders",
        "userDefined": false
      }
    ],
    "isTemplate": false,
    "count": 0,
    "updated": 1526383418
  },
  {
    "id": "c4e98998-2b70-454b-8e52-8ffed70672d4",
    "data": [
      {
        "text": "are",
        "meta": "@sys.ignore",
        "userDefined": false
      },
      {
        "text": " there any reminders",
        "userDefined": false
      }
    ],
    "isTemplate": false,
    "count": 0,
    "updated": 1526383418
  },
  {
    "id": "f45616b6-6d5c-45d9-9599-cb887372de21",
    "data": [
      {
        "text": "what ",
        "userDefined": false
      },
      {
        "text": "are",
        "meta": "@sys.ignore",
        "userDefined": false
      },
      {
        "text": " the reminders",
        "userDefined": false
      }
    ],
    "isTemplate": false,
    "count": 0,
    "updated": 1526383418
  },
  {
    "id": "3b025869-cecb-4598-87fe-2145b59df2e5",
    "data": [
      {
        "text": "can you show me my reminders",
        "userDefined": false
      }
    ],
    "isTemplate": false,
    "count": 0,
    "updated": 1526383418
  },
  {
    "id": "7ad1a725-9355-4f7e-8dc4-e5f1a5dd572a",
    "data": [
      {
        "text": "open",
        "meta": "@sys.ignore",
        "userDefined": false
      },
      {
        "text": " reminders",
        "userDefined": false
      }
    ],
    "isTemplate": false,
    "count": 0,
    "updated": 1526383418
  },
  {
    "id": "0b293e22-321a-4e38-98f3-56e2d83718fa",
    "data": [
      {
        "text": "show reminders for ",
        "userDefined": false
      },
      {
        "text": "grocery store",
        "alias": "location",
        "meta": "@sys.location",
        "userDefined": true
      }
    ],
    "isTemplate": false,
    "count": 0,
    "updated": 1526383418
  },
  {
    "id": "81d259eb-e266-4fc7-b498-a7528cca2c17",
    "data": [
      {
        "text": "show me reminder",
        "userDefined": false
      }
    ],
    "isTemplate": false,
    "count": 0,
    "updated": 1526383418
  },
  {
    "id": "3abf8e8d-bcf0-463a-b730-0a58c3cd3c1c",
    "data": [
      {
        "text": "reminders for ",
        "userDefined": false
      },
      {
        "text": "8 am",
        "alias": "date-time",
        "meta": "@sys.date-time",
        "userDefined": false
      }
    ],
    "isTemplate": false,
    "count": 0,
    "updated": 1526383418
  },
  {
    "id": "13d82a51-8221-4a96-b397-e8d97b0962ef",
    "data": [
      {
        "text": "are",
        "meta": "@sys.ignore",
        "userDefined": false
      },
      {
        "text": " you planning to remind me about ",
        "userDefined": false
      },
      {
        "text": "milk",
        "alias": "name",
        "meta": "@sys.any",
        "userDefined": true
      }
    ],
    "isTemplate": false,
    "count": 0,
    "updated": 1526383418
  },
  {
    "id": "d4894da3-aabf-4f96-8de4-e205f45c8678",
    "data": [
      {
        "text": "show me ",
        "userDefined": false
      },
      {
        "text": "all",
        "alias": "all",
        "meta": "@all",
        "userDefined": true
      },
      {
        "text": " my reminders",
        "userDefined": false
      }
    ],
    "isTemplate": false,
    "count": 1,
    "updated": 1526383418
  },
  {
    "id": "f04e4622-8559-43df-8708-82ec25186cc4",
    "data": [
      {
        "text": "what reminders do I have",
        "userDefined": false
      }
    ],
    "isTemplate": false,
    "count": 0,
    "updated": 1526383418
  },
  {
    "id": "8c1be26c-3957-4a49-80f1-9a8e91f48f88",
    "data": [
      {
        "text": "get me my ",
        "userDefined": false
      },
      {
        "text": "evening",
        "alias": "date-time",
        "meta": "@sys.date-time",
        "userDefined": true
      },
      {
        "text": " reminders",
        "userDefined": false
      }
    ],
    "isTemplate": false,
    "count": 0,
    "updated": 1526383418
  },
  {
    "id": "33be5e6a-716b-4c1d-8bdd-8c33f999bbd7",
    "data": [
      {
        "text": "read ",
        "userDefined": false
      },
      {
        "text": "all",
        "alias": "all",
        "meta": "@all",
        "userDefined": true
      },
      {
        "text": " my reminders",
        "userDefined": false
      }
    ],
    "isTemplate": false,
    "count": 0,
    "updated": 1526383418
  },
  {
    "id": "6919f25d-afb3-4914-9fe9-f524f6f730d8",
    "data": [
      {
        "text": "are",
        "meta": "@sys.ignore",
        "userDefined": false
      },
      {
        "text": " you supposed to remind me about something at ",
        "userDefined": false
      },
      {
        "text": "7 am",
        "alias": "date-time",
        "meta": "@sys.date-time",
        "userDefined": false
      }
    ],
    "isTemplate": false,
    "count": 0,
    "updated": 1526383418
  },
  {
    "id": "8370cea6-1992-4a2a-a2cc-615cf151b7d9",
    "data": [
      {
        "text": "any reminders for ",
        "userDefined": false
      },
      {
        "text": "this month",
        "alias": "date-time",
        "meta": "@sys.date-time",
        "userDefined": true
      }
    ],
    "isTemplate": false,
    "count": 0,
    "updated": 1526383418
  },
  {
    "id": "c5b22d31-3ac7-44a1-86a0-48a34bdff38a",
    "data": [
      {
        "text": "my reminder",
        "userDefined": false
      }
    ],
    "isTemplate": false,
    "count": 0,
    "updated": 1526383418
  },
  {
    "id": "ad468677-92d6-4b0c-a4cd-51fd0a4a4aa8",
    "data": [
      {
        "text": "get",
        "meta": "@sys.ignore",
        "userDefined": false
      },
      {
        "text": " reminders with ",
        "userDefined": false
      },
      {
        "text": "name",
        "meta": "@sys.ignore",
        "userDefined": false
      },
      {
        "text": " ",
        "userDefined": false
      },
      {
        "text": "pills",
        "alias": "name",
        "meta": "@sys.any",
        "userDefined": true
      }
    ],
    "isTemplate": false,
    "count": 0,
    "updated": 1526383418
  },
  {
    "id": "13174c38-bdb1-49b9-b95f-4ffecdd915d8",
    "data": [
      {
        "text": "let show ",
        "userDefined": false
      },
      {
        "text": "all",
        "alias": "all",
        "meta": "@all",
        "userDefined": false
      },
      {
        "text": " reminders",
        "userDefined": false
      }
    ],
    "isTemplate": false,
    "count": 0,
    "updated": 1526383418
  },
  {
    "id": "4f66534d-974c-4cbd-86aa-f04e77c168ec",
    "data": [
      {
        "text": "pull up my reminders",
        "userDefined": false
      }
    ],
    "isTemplate": false,
    "count": 0,
    "updated": 1526383418
  },
  {
    "id": "c87c2dcd-3bc7-4cec-8aa4-aba32955e65f",
    "data": [
      {
        "text": "show me ",
        "userDefined": false
      },
      {
        "text": "all",
        "alias": "all",
        "meta": "@all",
        "userDefined": true
      },
      {
        "text": " the reminders",
        "userDefined": false
      }
    ],
    "isTemplate": false,
    "count": 0,
    "updated": 1526383418
  },
  {
    "id": "2432a20a-e85c-46d0-8e11-9a21f2338005",
    "data": [
      {
        "text": "find reminder",
        "userDefined": false
      }
    ],
    "isTemplate": false,
    "count": 0,
    "updated": 1526383418
  },
  {
    "id": "1f5cd29c-3e0d-4344-900d-539c3868c0a9",
    "data": [
      {
        "text": "my reminders",
        "userDefined": false
      }
    ],
    "isTemplate": false,
    "count": 0,
    "updated": 1526383418
  },
  {
    "id": "52faf881-3a71-4162-ba32-152a9de69d3c",
    "data": [
      {
        "text": "show my reminders for ",
        "userDefined": false
      },
      {
        "text": "this week",
        "alias": "date-time",
        "meta": "@sys.date-time",
        "userDefined": true
      }
    ],
    "isTemplate": false,
    "count": 0,
    "updated": 1526383418
  },
  {
    "id": "372ed352-ce74-4e08-b3d4-10bfe4ace24a",
    "data": [
      {
        "text": "show my reminders list",
        "userDefined": false
      }
    ],
    "isTemplate": false,
    "count": 0,
    "updated": 1526383418
  },
  {
    "id": "3baec235-fed1-453d-8cc4-029579848cdc",
    "data": [
      {
        "text": "i want to see my ",
        "userDefined": false
      },
      {
        "text": "all",
        "alias": "all",
        "meta": "@all",
        "userDefined": false
      },
      {
        "text": " reminders",
        "userDefined": false
      }
    ],
    "isTemplate": false,
    "count": 0,
    "updated": 1526383418
  },
  {
    "id": "f7daa1b4-bd24-444d-a944-24fcc8809780",
    "data": [
      {
        "text": "get",
        "meta": "@sys.ignore",
        "userDefined": false
      },
      {
        "text": " reminders",
        "userDefined": false
      }
    ],
    "isTemplate": false,
    "count": 0,
    "updated": 1526383418
  },
  {
    "id": "04f68e19-00bf-4d92-89ae-32830d2d5988",
    "data": [
      {
        "text": "any reminders for ",
        "userDefined": false
      },
      {
        "text": "tomorrow",
        "alias": "date-time",
        "meta": "@sys.date-time",
        "userDefined": false
      }
    ],
    "isTemplate": false,
    "count": 0,
    "updated": 1526383418
  },
  {
    "id": "1122c9d0-702d-43ad-85df-0949cb03c2d2",
    "data": [
      {
        "text": "are",
        "meta": "@sys.ignore",
        "userDefined": false
      },
      {
        "text": " you supposed to remind me about something ",
        "userDefined": false
      },
      {
        "text": "every Thursday",
        "alias": "recurrence",
        "meta": "@recurrence",
        "userDefined": false
      }
    ],
    "isTemplate": false,
    "count": 0,
    "updated": 1526383418
  },
  {
    "id": "8de789a6-3d63-4590-8998-4b9f7428709f",
    "data": [
      {
        "text": "any reminder",
        "userDefined": false
      }
    ],
    "isTemplate": false,
    "count": 0,
    "updated": 1526383418
  },
  {
    "id": "33b5a0de-9d76-4645-adc7-35dfee3e9c31",
    "data": [
      {
        "text": "any reminders",
        "userDefined": false
      }
    ],
    "isTemplate": false,
    "count": 0,
    "updated": 1526383418
  },
  {
    "id": "8097d739-3cd3-43bd-b46a-412697b17132",
    "data": [
      {
        "text": "do I have any reminders about ",
        "userDefined": false
      },
      {
        "text": "dog",
        "alias": "name",
        "meta": "@sys.any",
        "userDefined": true
      }
    ],
    "isTemplate": false,
    "count": 0,
    "updated": 1526383418
  },
  {
    "id": "ce4a694b-4bae-4a26-80be-86c08128f122",
    "data": [
      {
        "text": "show me the reminder list",
        "userDefined": false
      }
    ],
    "isTemplate": false,
    "count": 0,
    "updated": 1526383418
  },
  {
    "id": "1d78d037-24ee-4860-8a52-36e3aca176d7",
    "data": [
      {
        "text": "can you please show my ",
        "userDefined": false
      },
      {
        "text": "all",
        "alias": "all",
        "meta": "@all",
        "userDefined": false
      },
      {
        "text": " reminders",
        "userDefined": false
      }
    ],
    "isTemplate": false,
    "count": 0,
    "updated": 1526383418
  },
  {
    "id": "2a8e9ba0-1c4f-48f6-af7a-23b4510d9d35",
    "data": [
      {
        "text": "show me my reminders list",
        "userDefined": false
      }
    ],
    "isTemplate": false,
    "count": 0,
    "updated": 1526383418
  },
  {
    "id": "c177e619-f44c-442a-89b2-ab9bf5e548d4",
    "data": [
      {
        "text": "show me a reminder",
        "userDefined": false
      }
    ],
    "isTemplate": false,
    "count": 0,
    "updated": 1526383418
  },
  {
    "id": "d2910788-b90c-4ae6-9c3c-9d0b5720e47f",
    "data": [
      {
        "text": "tell me my reminders",
        "userDefined": false
      }
    ],
    "isTemplate": false,
    "count": 0,
    "updated": 1526383418
  },
  {
    "id": "7ff23a35-dd5f-4f3d-913b-568ced35acb9",
    "data": [
      {
        "text": "bring up reminders",
        "userDefined": false
      }
    ],
    "isTemplate": false,
    "count": 0,
    "updated": 1526383418
  },
  {
    "id": "5d295812-c918-4770-acfe-46e02cc4cc0c",
    "data": [
      {
        "text": "what are my reminders",
        "userDefined": false
      }
    ],
    "isTemplate": false,
    "count": 0,
    "updated": 1526383418
  },
  {
    "id": "75337de6-9d9b-48df-afb7-6d2766d32a8e",
    "data": [
      {
        "text": "search for my reminders",
        "userDefined": false
      }
    ],
    "isTemplate": false,
    "count": 0,
    "updated": 1526383418
  },
  {
    "id": "b9c6c71c-3a86-4e17-830b-447f324dfd38",
    "data": [
      {
        "text": "what ",
        "userDefined": false
      },
      {
        "text": "are",
        "meta": "@sys.ignore",
        "userDefined": false
      },
      {
        "text": " my reminders for ",
        "userDefined": false
      },
      {
        "text": "tomorrow",
        "alias": "date-time",
        "meta": "@sys.date-time",
        "userDefined": false
      }
    ],
    "isTemplate": false,
    "count": 0,
    "updated": 1526383418
  },
  {
    "id": "a6b49a42-3765-4507-b4ff-c046ce9aad96",
    "data": [
      {
        "text": "so my reminder",
        "userDefined": false
      }
    ],
    "isTemplate": false,
    "count": 0,
    "updated": 1526383418
  },
  {
    "id": "4bbfffab-930a-46e0-a7e7-753e3a6f6868",
    "data": [
      {
        "text": "show me the reminders",
        "userDefined": false
      }
    ],
    "isTemplate": false,
    "count": 0,
    "updated": 1526383418
  },
  {
    "id": "2a719d78-e2e5-4140-88eb-baa88565faaa",
    "data": [
      {
        "text": "show my reminders about ",
        "userDefined": false
      },
      {
        "text": "cat",
        "alias": "name",
        "meta": "@sys.any",
        "userDefined": true
      }
    ],
    "isTemplate": false,
    "count": 0,
    "updated": 1526383418
  },
  {
    "id": "dae1185d-1b48-4ed7-83f8-332f417993ff",
    "data": [
      {
        "text": "go to reminders list",
        "userDefined": false
      }
    ],
    "isTemplate": false,
    "count": 0,
    "updated": 1526383418
  },
  {
    "id": "c03fb808-667d-4b16-905e-4ead58da32c3",
    "data": [
      {
        "text": "show me reminder list",
        "userDefined": false
      }
    ],
    "isTemplate": false,
    "count": 0,
    "updated": 1526383418
  },
  {
    "id": "e43f446f-2a98-4757-9fe2-cfd11887beca",
    "data": [
      {
        "text": "what\u0027s ",
        "userDefined": false
      },
      {
        "text": "on",
        "meta": "@sys.ignore",
        "userDefined": false
      },
      {
        "text": " my reminders list",
        "userDefined": false
      }
    ],
    "isTemplate": false,
    "count": 0,
    "updated": 1526383418
  },
  {
    "id": "6f3bc61a-2b2f-4fb7-aaeb-6c37a7c36f78",
    "data": [
      {
        "text": "what about reminders",
        "userDefined": false
      }
    ],
    "isTemplate": false,
    "count": 0,
    "updated": 1526383418
  },
  {
    "id": "e9a77c75-a180-4c95-8083-93dbb3571c55",
    "data": [
      {
        "text": "when ",
        "userDefined": false
      },
      {
        "text": "will",
        "meta": "@sys.ignore",
        "userDefined": false
      },
      {
        "text": " you remind me",
        "userDefined": false
      }
    ],
    "isTemplate": false,
    "count": 0,
    "updated": 1526383418
  },
  {
    "id": "79dcd5d3-cf94-4f88-b468-5713766438e8",
    "data": [
      {
        "text": "read reminder",
        "userDefined": false
      }
    ],
    "isTemplate": false,
    "count": 0,
    "updated": 1526383418
  },
  {
    "id": "5b44c74c-666b-4e3b-aa43-7e871d845fbb",
    "data": [
      {
        "text": "are",
        "meta": "@sys.ignore",
        "userDefined": false
      },
      {
        "text": " you supposed to remind me about something on ",
        "userDefined": false
      },
      {
        "text": "November 11",
        "alias": "date-time",
        "meta": "@sys.date-time",
        "userDefined": false
      }
    ],
    "isTemplate": false,
    "count": 0,
    "updated": 1526383418
  },
  {
    "id": "c9774d49-98aa-4244-9483-18849af1ff7c",
    "data": [
      {
        "text": "do I have any reminders ",
        "userDefined": false
      },
      {
        "text": "tomorrow",
        "alias": "date-time",
        "meta": "@sys.date-time",
        "userDefined": false
      }
    ],
    "isTemplate": false,
    "count": 0,
    "updated": 1526383418
  },
  {
    "id": "eb0f0a39-03af-4e57-8e90-71c5547e85da",
    "data": [
      {
        "text": "look my reminders",
        "userDefined": false
      }
    ],
    "isTemplate": false,
    "count": 0,
    "updated": 1526383418
  },
  {
    "id": "887f11f0-6ceb-4a3f-a5d9-6ea7554f8a0b",
    "data": [
      {
        "text": "read reminders",
        "userDefined": false
      }
    ],
    "isTemplate": false,
    "count": 0,
    "updated": 1526383418
  },
  {
    "id": "8e71329e-a5b7-472e-8e4a-3025393e0c6e",
    "data": [
      {
        "text": "are",
        "meta": "@sys.ignore",
        "userDefined": false
      },
      {
        "text": " you supposed to remind me about something at ",
        "userDefined": false
      },
      {
        "text": "9 am",
        "alias": "date-time",
        "meta": "@sys.date-time",
        "userDefined": false
      }
    ],
    "isTemplate": false,
    "count": 0,
    "updated": 1526383418
  },
  {
    "id": "27be18b4-1ce9-47c0-998e-162ac9014c55",
    "data": [
      {
        "text": "the reminder",
        "userDefined": false
      }
    ],
    "isTemplate": false,
    "count": 0,
    "updated": 1526383418
  },
  {
    "id": "f7761948-2ff9-45f1-9a53-9b0a1882b7ab",
    "data": [
      {
        "text": "read my reminders",
        "userDefined": false
      }
    ],
    "isTemplate": false,
    "count": 0,
    "updated": 1526383418
  },
  {
    "id": "2b10bee1-fc60-4ce6-bc46-4b1a2fbf4d7d",
    "data": [
      {
        "text": "review reminders",
        "userDefined": false
      }
    ],
    "isTemplate": false,
    "count": 0,
    "updated": 1526383418
  },
  {
    "id": "88b3cd14-becf-4a49-8da7-ce8025543b0d",
    "data": [
      {
        "text": "show my ",
        "userDefined": false
      },
      {
        "text": "morning",
        "alias": "date-time",
        "meta": "@sys.date-time",
        "userDefined": true
      },
      {
        "text": " reminders",
        "userDefined": false
      }
    ],
    "isTemplate": false,
    "count": 0,
    "updated": 1526383418
  },
  {
    "id": "6d31e38b-1204-483d-9213-fd858523ffa0",
    "data": [
      {
        "text": "can you ",
        "userDefined": false
      },
      {
        "text": "give",
        "meta": "@sys.ignore",
        "userDefined": false
      },
      {
        "text": " me a reminder",
        "userDefined": false
      }
    ],
    "isTemplate": false,
    "count": 0,
    "updated": 1526383418
  },
  {
    "id": "f7acfc09-873b-49e5-a28a-44eafdd00df1",
    "data": [
      {
        "text": "read ",
        "userDefined": false
      },
      {
        "text": "all",
        "alias": "all",
        "meta": "@all",
        "userDefined": true
      },
      {
        "text": " my reminders about ",
        "userDefined": false
      },
      {
        "text": "walking my dog",
        "alias": "name",
        "meta": "@sys.any",
        "userDefined": true
      }
    ],
    "isTemplate": false,
    "count": 0,
    "updated": 1526383418
  },
  {
    "id": "cd4e38f4-460a-4166-86ed-2276d7343439",
    "data": [
      {
        "text": "reminders for ",
        "userDefined": false
      },
      {
        "text": "tomorrow",
        "alias": "date-time",
        "meta": "@sys.date-time",
        "userDefined": false
      }
    ],
    "isTemplate": false,
    "count": 0,
    "updated": 1526383418
  },
  {
    "id": "b2df16aa-4932-45e1-b919-bee020cbcb99",
    "data": [
      {
        "text": "reminders ",
        "userDefined": false
      },
      {
        "text": "this weekend",
        "alias": "date-time",
        "meta": "@sys.date-time",
        "userDefined": false
      }
    ],
    "isTemplate": false,
    "count": 0,
    "updated": 1526383418
  },
  {
    "id": "be92cc28-f3e1-4dd4-9a6f-f4b247e538c6",
    "data": [
      {
        "text": "show me ",
        "userDefined": false
      },
      {
        "text": "today\u0027s",
        "alias": "date-time",
        "meta": "@sys.date-time",
        "userDefined": false
      },
      {
        "text": " reminders",
        "userDefined": false
      }
    ],
    "isTemplate": false,
    "count": 0,
    "updated": 1526383418
  },
  {
    "id": "0ca2262e-c9c4-40fa-b7ef-01e166381c14",
    "data": [
      {
        "text": "read that reminder",
        "userDefined": false
      }
    ],
    "isTemplate": false,
    "count": 0,
    "updated": 1526383418
  },
  {
    "id": "95092940-2843-4a11-a6f6-9708c4d4bb0c",
    "data": [
      {
        "text": "let me see my reminders",
        "userDefined": false
      }
    ],
    "isTemplate": false,
    "count": 0,
    "updated": 1526383418
  },
  {
    "id": "b932e787-14e7-4e12-b826-5e169360a86c",
    "data": [
      {
        "text": "what reminders do I have set",
        "userDefined": false
      }
    ],
    "isTemplate": false,
    "count": 0,
    "updated": 1526383418
  },
  {
    "id": "c3013539-ab7e-47f9-b6f5-dbb47701009c",
    "data": [
      {
        "text": "remind me to buy some ",
        "userDefined": false
      },
      {
        "text": "milk",
        "meta": "@sys.ignore",
        "userDefined": false
      }
    ],
    "isTemplate": false,
    "count": 0,
    "updated": 1526383418
  },
  {
    "id": "1b42219f-72ec-4349-a344-393c13950f94",
    "data": [
      {
        "text": "show my reminders",
        "userDefined": false
      }
    ],
    "isTemplate": false,
    "count": 0,
    "updated": 1526383418
  },
  {
    "id": "e15a0401-955b-4783-b87f-7b92759eddf1",
    "data": [
      {
        "text": "show ",
        "userDefined": false
      },
      {
        "text": "all",
        "alias": "all",
        "meta": "@all",
        "userDefined": true
      },
      {
        "text": " reminders",
        "userDefined": false
      }
    ],
    "isTemplate": false,
    "count": 1,
    "updated": 1526383418
  },
  {
    "id": "47d009f6-677e-4556-b676-706c1909ca8a",
    "data": [
      {
        "text": "show me my reminders please",
        "userDefined": false
      }
    ],
    "isTemplate": false,
    "count": 0,
    "updated": 1526383418
  },
  {
    "id": "ae3996db-33b2-46ed-b70b-696ea7b344de",
    "data": [
      {
        "text": "any reminders for ",
        "userDefined": false
      },
      {
        "text": "today",
        "alias": "date-time",
        "meta": "@sys.date-time",
        "userDefined": false
      }
    ],
    "isTemplate": false,
    "count": 0,
    "updated": 1526383418
  },
  {
    "id": "88a59457-7a8f-493e-887b-514a6c94f18d",
    "data": [
      {
        "text": "please show me my reminders",
        "userDefined": false
      }
    ],
    "isTemplate": false,
    "count": 0,
    "updated": 1526383418
  },
  {
    "id": "ca495ab8-d02f-4732-b228-b827da71dbe2",
    "data": [
      {
        "text": "what reminders do I have for ",
        "userDefined": false
      },
      {
        "text": "today",
        "alias": "date-time",
        "meta": "@sys.date-time",
        "userDefined": false
      }
    ],
    "isTemplate": false,
    "count": 0,
    "updated": 1526383418
  },
  {
    "id": "2f2eacb9-3736-4b8d-b83d-ebac97df36d2",
    "data": [
      {
        "text": "give",
        "meta": "@sys.ignore",
        "userDefined": false
      },
      {
        "text": " me a reminder",
        "userDefined": false
      }
    ],
    "isTemplate": false,
    "count": 0,
    "updated": 1526383418
  },
  {
    "id": "04f607a8-29c6-4be8-81b8-bbfcc7cfdaa6",
    "data": [
      {
        "text": "find ",
        "userDefined": false
      },
      {
        "text": "all",
        "alias": "all",
        "meta": "@all",
        "userDefined": true
      },
      {
        "text": " reminders",
        "userDefined": false
      }
    ],
    "isTemplate": false,
    "count": 1,
    "updated": 1526383418
  },
  {
    "id": "3be040dc-16cb-4ca1-8b74-150b6e6275ea",
    "data": [
      {
        "text": "read reminder out loud",
        "userDefined": false
      }
    ],
    "isTemplate": false,
    "count": 0,
    "updated": 1526383418
  },
  {
    "id": "84224483-99cf-4ac6-921f-dfbd6aacfdd7",
    "data": [
      {
        "text": "list my reminders",
        "userDefined": false
      }
    ],
    "isTemplate": false,
    "count": 0,
    "updated": 1526383418
  },
  {
    "id": "60253881-a6ab-471e-8af9-be1f6854a034",
    "data": [
      {
        "text": "so my reminders",
        "userDefined": false
      }
    ],
    "isTemplate": false,
    "count": 0,
    "updated": 1526383418
  },
  {
    "id": "a80d9f79-0e46-4ebd-a0e8-7f565deddae4",
    "data": [
      {
        "text": "do I have any reminders scheduled for ",
        "userDefined": false
      },
      {
        "text": "weekdays",
        "alias": "recurrence",
        "meta": "@recurrence",
        "userDefined": true
      }
    ],
    "isTemplate": false,
    "count": 0,
    "updated": 1526383418
  },
  {
    "id": "c29efb90-80b5-4a8f-8182-03cd060ac4a9",
    "data": [
      {
        "text": "show reminder",
        "userDefined": false
      }
    ],
    "isTemplate": false,
    "count": 0,
    "updated": 1526383418
  },
  {
    "id": "eaf9391f-abb7-4ba7-bd98-32325bcae5a5",
    "data": [
      {
        "text": "what ",
        "userDefined": false
      },
      {
        "text": "are",
        "meta": "@sys.ignore",
        "userDefined": false
      },
      {
        "text": " my reminders",
        "userDefined": false
      }
    ],
    "isTemplate": false,
    "count": 0,
    "updated": 1526383418
  },
  {
    "id": "52e5bb3b-c417-4bf5-842b-950683668d8b",
    "data": [
      {
        "text": "what reminders do I have for ",
        "userDefined": false
      },
      {
        "text": "tomorrow",
        "alias": "date-time",
        "meta": "@sys.date-time",
        "userDefined": false
      }
    ],
    "isTemplate": false,
    "count": 0,
    "updated": 1526383418
  },
  {
    "id": "24fbfcde-ea66-4859-92e0-ae3a44abd68f",
    "data": [
      {
        "text": "what time is my reminder",
        "userDefined": false
      }
    ],
    "isTemplate": false,
    "count": 0,
    "updated": 1526383418
  },
  {
    "id": "028b7ded-d206-4440-a886-21122a660bbb",
    "data": [
      {
        "text": "can you show my reminders",
        "userDefined": false
      }
    ],
    "isTemplate": false,
    "count": 0,
    "updated": 1526383418
  },
  {
    "id": "541a1cc0-0fa0-4a1a-ba4d-847794acace4",
    "data": [
      {
        "text": "list ",
        "userDefined": false
      },
      {
        "text": "of",
        "meta": "@sys.ignore",
        "userDefined": false
      },
      {
        "text": " my reminders",
        "userDefined": false
      }
    ],
    "isTemplate": false,
    "count": 0,
    "updated": 1526383418
  },
  {
    "id": "31bdc7fb-d17d-4a26-b2de-816fade36707",
    "data": [
      {
        "text": "show reminders",
        "userDefined": false
      }
    ],
    "isTemplate": false,
    "count": 0,
    "updated": 1526383418
  },
  {
    "id": "bf084909-976b-4d0e-b346-4a7acd11253a",
    "data": [
      {
        "text": "show ",
        "userDefined": false
      },
      {
        "text": "daily",
        "alias": "recurrence",
        "meta": "@recurrence",
        "userDefined": true
      },
      {
        "text": " reminders",
        "userDefined": false
      }
    ],
    "isTemplate": false,
    "count": 0,
    "updated": 1526383418
  },
  {
    "id": "4ea2b396-a795-4c5c-bfee-0b5ad6db83d3",
    "data": [
      {
        "text": "view",
        "meta": "@sys.ignore",
        "userDefined": false
      },
      {
        "text": " reminders",
        "userDefined": false
      }
    ],
    "isTemplate": false,
    "count": 0,
    "updated": 1526383418
  },
  {
    "id": "3208ea8f-984f-41b6-916e-ecf1897787df",
    "data": [
      {
        "text": "do I have any reminders scheduled",
        "userDefined": false
      }
    ],
    "isTemplate": false,
    "count": 0,
    "updated": 1526383418
  },
  {
    "id": "662be4dd-885c-46b9-9bd0-cf278b989c87",
    "data": [
      {
        "text": "do I have a reminder ",
        "userDefined": false
      },
      {
        "text": "today",
        "alias": "date-time",
        "meta": "@sys.date-time",
        "userDefined": false
      }
    ],
    "isTemplate": false,
    "count": 0,
    "updated": 1526383418
  },
  {
    "id": "8b17d5cd-668f-4bd8-99e0-58698996ad1c",
    "data": [
      {
        "text": "what\u0027s the reminder",
        "userDefined": false
      }
    ],
    "isTemplate": false,
    "count": 0,
    "updated": 1526383418
  },
  {
    "id": "8b2bffa2-bf5c-430f-a42f-a679807db4f2",
    "data": [
      {
        "text": "are there any reminders for ",
        "userDefined": false
      },
      {
        "text": "jogging",
        "alias": "name",
        "meta": "@sys.any",
        "userDefined": true
      },
      {
        "text": " for ",
        "userDefined": false
      },
      {
        "text": "this morning",
        "alias": "date-time",
        "meta": "@sys.date-time",
        "userDefined": true
      }
    ],
    "isTemplate": false,
    "count": 0,
    "updated": 1526383418
  },
  {
    "id": "d0137454-1001-48b1-922a-7381081ee1e7",
    "data": [
      {
        "text": "open",
        "meta": "@sys.ignore",
        "userDefined": false
      },
      {
        "text": " reminder",
        "userDefined": false
      }
    ],
    "isTemplate": false,
    "count": 0,
    "updated": 1526383418
  },
  {
    "id": "1d840c14-c692-4053-9411-02681edf7017",
    "data": [
      {
        "text": "any reminders for location ",
        "userDefined": false
      },
      {
        "text": "443 Waverley Street Palo Alto",
        "alias": "location",
        "meta": "@sys.location",
        "userDefined": true
      }
    ],
    "isTemplate": false,
    "count": 0,
    "updated": 1526383418
  },
  {
    "id": "d2f3f54d-7af3-4d7b-81e7-8fdb8980121a",
    "data": [
      {
        "text": "show me my ",
        "userDefined": false
      },
      {
        "text": "todays",
        "alias": "date-time",
        "meta": "@sys.date-time",
        "userDefined": true
      },
      {
        "text": " reminders",
        "userDefined": false
      }
    ],
    "isTemplate": false,
    "count": 0,
    "updated": 1526383418
  },
  {
    "id": "567e97b5-12c0-42db-834a-84c85d5ad73a",
    "data": [
      {
        "text": "show me a list ",
        "userDefined": false
      },
      {
        "text": "of",
        "meta": "@sys.ignore",
        "userDefined": false
      },
      {
        "text": " my reminders",
        "userDefined": false
      }
    ],
    "isTemplate": false,
    "count": 0,
    "updated": 1526383418
  },
  {
    "id": "7938577c-760a-4e53-b73f-e03ea9a4e271",
    "data": [
      {
        "text": "search reminders for ",
        "userDefined": false
      },
      {
        "text": "next Tuesday",
        "alias": "date-time",
        "meta": "@sys.date-time",
        "userDefined": true
      }
    ],
    "isTemplate": false,
    "count": 0,
    "updated": 1526383418
  },
  {
    "id": "d6b42986-e933-4d25-82ba-59f032373540",
    "data": [
      {
        "text": "all",
        "alias": "all",
        "meta": "@all",
        "userDefined": true
      },
      {
        "text": " reminders",
        "userDefined": false
      }
    ],
    "isTemplate": false,
    "count": 0,
    "updated": 1526383418
  },
  {
    "id": "6f7003f4-546f-4598-aa72-98e9ecb8cc10",
    "data": [
      {
        "text": "can you show me ",
        "userDefined": false
      },
      {
        "text": "all",
        "alias": "all",
        "meta": "@all",
        "userDefined": true
      },
      {
        "text": " my reminders",
        "userDefined": false
      }
    ],
    "isTemplate": false,
    "count": 0,
    "updated": 1526383418
  },
  {
    "id": "629d0399-401e-40d1-bde8-1941338e8e2e",
    "data": [
      {
        "text": "reminders scheduled for when i ",
        "userDefined": false
      },
      {
        "text": "come",
        "meta": "@sys.ignore",
        "userDefined": false
      },
      {
        "text": " ",
        "userDefined": false
      },
      {
        "text": "home",
        "alias": "location",
        "meta": "@sys.location",
        "userDefined": false
      }
    ],
    "isTemplate": false,
    "count": 0,
    "updated": 1526383418
  },
  {
    "id": "3bb6b544-c973-4314-a3e6-f15f721c6230",
    "data": [
      {
        "text": "show ",
        "userDefined": false
      },
      {
        "text": "all",
        "alias": "all",
        "meta": "@all",
        "userDefined": true
      },
      {
        "text": " reminders planned for ",
        "userDefined": false
      },
      {
        "text": "work",
        "alias": "location",
        "meta": "@sys.location",
        "userDefined": true
      }
    ],
    "isTemplate": false,
    "count": 0,
    "updated": 1526383418
  },
  {
    "id": "9dddb16e-d26e-4941-a0b2-6dfaa429c04a",
    "data": [
      {
        "text": "show me ",
        "userDefined": false
      },
      {
        "text": "on",
        "meta": "@sys.ignore",
        "userDefined": false
      },
      {
        "text": " my reminders",
        "userDefined": false
      }
    ],
    "isTemplate": false,
    "count": 0,
    "updated": 1526383418
  },
  {
    "id": "5aff2f51-3d00-4187-9bca-4ee77e9f866a",
    "data": [
      {
        "text": "reminders scheduled for ",
        "userDefined": false
      },
      {
        "text": "10 October",
        "alias": "date-time",
        "meta": "@sys.date-time",
        "userDefined": false
      }
    ],
    "isTemplate": false,
    "count": 0,
    "updated": 1526383418
  },
  {
    "id": "2821bdb5-2b18-4885-9ae9-fcee8b4d154a",
    "data": [
      {
        "text": "check my reminders",
        "userDefined": false
      }
    ],
    "isTemplate": false,
    "count": 0,
    "updated": 1526383418
  },
  {
    "id": "2feee2bc-c636-4ee4-a0a6-d15f22f613ec",
    "data": [
      {
        "text": "show my reminders for ",
        "userDefined": false
      },
      {
        "text": "tomorrow",
        "alias": "date-time",
        "meta": "@sys.date-time",
        "userDefined": true
      }
    ],
    "isTemplate": false,
    "count": 0,
    "updated": 1526383418
  },
  {
    "id": "4de4cb09-7429-4e3e-a0b7-647e3d69ccf2",
    "data": [
      {
        "text": "show me the reminder",
        "userDefined": false
      }
    ],
    "isTemplate": false,
    "count": 0,
    "updated": 1526383418
  },
  {
    "id": "b9ca97a6-e4c7-41a8-9b1e-8a21d09935a5",
    "data": [
      {
        "text": "any reminder for me",
        "userDefined": false
      }
    ],
    "isTemplate": false,
    "count": 0,
    "updated": 1526383418
  },
  {
    "id": "296458ba-877d-424f-ac8e-fea00214d4e3",
    "data": [
      {
        "text": "display reminders",
        "userDefined": false
      }
    ],
    "isTemplate": false,
    "count": 0,
    "updated": 1526383418
  },
  {
    "id": "97308c80-6514-4b27-9475-ee75733b4e9a",
    "data": [
      {
        "text": "do I have a reminder set for ",
        "userDefined": false
      },
      {
        "text": "Luca\u0027s party",
        "alias": "name",
        "meta": "@sys.any",
        "userDefined": true
      }
    ],
    "isTemplate": false,
    "count": 0,
    "updated": 1526383418
  },
  {
    "id": "0ca16bf9-3eb7-4b24-9c53-c4a0ce42005b",
    "data": [
      {
        "text": "go to my reminders",
        "userDefined": false
      }
    ],
    "isTemplate": false,
    "count": 0,
    "updated": 1526383418
  },
  {
    "id": "007cd31c-8230-426f-9104-2e2922355fff",
    "data": [
      {
        "text": "do you have any reminders for me",
        "userDefined": false
      }
    ],
    "isTemplate": false,
    "count": 0,
    "updated": 1526383418
  },
  {
    "id": "10ccf1c0-2f62-4f3e-b081-781586b179d7",
    "data": [
      {
        "text": "show ",
        "userDefined": false
      },
      {
        "text": "all",
        "alias": "all",
        "meta": "@all",
        "userDefined": true
      },
      {
        "text": " reminders about ",
        "userDefined": false
      },
      {
        "text": "fitness",
        "alias": "name",
        "meta": "@sys.any",
        "userDefined": true
      }
    ],
    "isTemplate": false,
    "count": 0,
    "updated": 1526383418
  },
  {
    "id": "f9f6eb99-0cc3-4d46-a0ea-2b752ce117fc",
    "data": [
      {
        "text": "show me reminders for ",
        "userDefined": false
      },
      {
        "text": "today",
        "alias": "date-time",
        "meta": "@sys.date-time",
        "userDefined": false
      }
    ],
    "isTemplate": false,
    "count": 0,
    "updated": 1526383418
  },
  {
    "id": "18f763f8-910a-4653-8f58-606af31c5d39",
    "data": [
      {
        "text": "check reminder",
        "userDefined": false
      }
    ],
    "isTemplate": false,
    "count": 0,
    "updated": 1526383418
  },
  {
    "id": "4bdc23d4-a427-4a84-bb89-f101117071b8",
    "data": [
      {
        "text": "show me my reminders",
        "userDefined": false
      }
    ],
    "isTemplate": false,
    "count": 0,
    "updated": 1526383418
  },
  {
    "id": "a2c17ed3-03b8-460d-ba13-7136aba68822",
    "data": [
      {
        "text": "open",
        "meta": "@sys.ignore",
        "userDefined": false
      },
      {
        "text": " my reminders",
        "userDefined": false
      }
    ],
    "isTemplate": false,
    "count": 0,
    "updated": 1526383418
  },
  {
    "id": "f3683b33-fc64-470f-8632-b15e9a052606",
    "data": [
      {
        "text": "do you have a reminder for me",
        "userDefined": false
      }
    ],
    "isTemplate": false,
    "count": 0,
    "updated": 1526383418
  },
  {
    "id": "f923ddff-c1c6-4b98-a9cf-98e5406defef",
    "data": [
      {
        "text": "reminders with title ",
        "userDefined": false
      },
      {
        "text": "dog",
        "alias": "name",
        "meta": "@sys.any",
        "userDefined": true
      },
      {
        "text": " for ",
        "userDefined": false
      },
      {
        "text": "tomorrow",
        "alias": "date-time",
        "meta": "@sys.date-time",
        "userDefined": false
      }
    ],
    "isTemplate": false,
    "count": 0,
    "updated": 1526383418
  },
  {
    "id": "d44fc7c9-32e2-4952-8716-1d756d037ebf",
    "data": [
      {
        "text": "show me reminders for ",
        "userDefined": false
      },
      {
        "text": "last Saturday",
        "alias": "date-time",
        "meta": "@sys.date-time",
        "userDefined": true
      }
    ],
    "isTemplate": false,
    "count": 0,
    "updated": 1526383418
  },
  {
    "id": "5c9e20da-c0fe-44ff-bdc4-3e2e3299bde5",
    "data": [
      {
        "text": "check reminders",
        "userDefined": false
      }
    ],
    "isTemplate": false,
    "count": 0,
    "updated": 1526383418
  },
  {
    "id": "ef2d761d-6c00-436b-ac5c-9d4342bd3112",
    "data": [
      {
        "text": "show me my reminder",
        "userDefined": false
      }
    ],
    "isTemplate": false,
    "count": 0,
    "updated": 1526383418
  },
  {
    "id": "76675df2-ae1b-47fa-b60b-8628e1a3860e",
    "data": [
      {
        "text": "any reminders ",
        "userDefined": false
      },
      {
        "text": "today",
        "alias": "date-time",
        "meta": "@sys.date-time",
        "userDefined": true
      }
    ],
    "isTemplate": false,
    "count": 1,
    "updated": 1526383418
  }
]