[
  {
    "id": "e0df3756-0939-4dc9-beca-7ccb532f8149",
    "data": [
      {
        "text": "plus ",
        "userDefined": false
      },
      {
        "text": "one",
        "meta": "@sys.ignore",
        "userDefined": false
      },
      {
        "text": " for ",
        "userDefined": false
      },
      {
        "text": "mondays",
        "alias": "recurrence",
        "meta": "@recurrence",
        "userDefined": false
      }
    ],
    "isTemplate": false,
    "count": 0,
    "updated": 0
  },
  {
    "id": "49eca3b8-5664-46e7-ad0e-2f29ab2f742d",
    "data": [
      {
        "text": "and ",
        "userDefined": false
      },
      {
        "text": "the one",
        "meta": "@sys.ignore",
        "userDefined": false
      },
      {
        "text": " sheduled for ",
        "userDefined": false
      },
      {
        "text": "every day",
        "alias": "recurrence",
        "meta": "@recurrence",
        "userDefined": false
      }
    ],
    "isTemplate": false,
    "count": 0,
    "updated": 0
  },
  {
    "id": "e1c74b3c-64b7-4a04-8df9-bae387cfebd6",
    "data": [
      {
        "text": "for ",
        "userDefined": false
      },
      {
        "text": "every Tuesday",
        "alias": "recurrence",
        "meta": "@recurrence",
        "userDefined": false
      },
      {
        "text": " too",
        "userDefined": false
      }
    ],
    "isTemplate": false,
    "count": 0,
    "updated": 0
  },
  {
    "id": "3abba75d-3d4b-4093-8c9e-1469fa85f0cf",
    "data": [
      {
        "text": "and ",
        "userDefined": false
      },
      {
        "text": "one",
        "meta": "@sys.ignore",
        "userDefined": false
      },
      {
        "text": " more for ",
        "userDefined": false
      },
      {
        "text": "every weekday",
        "alias": "recurrence",
        "meta": "@recurrence",
        "userDefined": false
      }
    ],
    "isTemplate": false,
    "count": 0,
    "updated": 0
  },
  {
    "id": "0dca9995-8eae-4d1f-bd8a-73c8f12080cc",
    "data": [
      {
        "text": "and scheduled for ",
        "userDefined": false
      },
      {
        "text": "Fridays",
        "alias": "recurrence",
        "meta": "@recurrence",
        "userDefined": false
      }
    ],
    "isTemplate": false,
    "count": 0,
    "updated": 0
  },
  {
    "id": "aad13c54-e6e3-45f6-8e0d-527ae03457e8",
    "data": [
      {
        "text": "one",
        "meta": "@sys.ignore",
        "userDefined": false
      },
      {
        "text": " scheduled ",
        "userDefined": false
      },
      {
        "text": "weekly",
        "alias": "recurrence",
        "meta": "@recurrence",
        "userDefined": false
      },
      {
        "text": " as ",
        "userDefined": false
      },
      {
        "text": "well",
        "meta": "@sys.ignore",
        "userDefined": false
      }
    ],
    "isTemplate": false,
    "count": 0,
    "updated": 0
  },
  {
    "id": "3b781d59-d5d7-49f1-a7c7-3679954da19d",
    "data": [
      {
        "text": "the one",
        "meta": "@sys.ignore",
        "userDefined": false
      },
      {
        "text": " for ",
        "userDefined": false
      },
      {
        "text": "every day",
        "alias": "recurrence",
        "meta": "@recurrence",
        "userDefined": false
      }
    ],
    "isTemplate": false,
    "count": 0,
    "updated": 0
  },
  {
    "id": "b6a580c5-1ce5-4b18-bba6-5a4c36d8fc0f",
    "data": [
      {
        "text": "now ",
        "userDefined": false
      },
      {
        "text": "the one",
        "meta": "@sys.ignore",
        "userDefined": false
      },
      {
        "text": " for ",
        "userDefined": false
      },
      {
        "text": "each weekend",
        "alias": "recurrence",
        "meta": "@recurrence",
        "userDefined": true
      }
    ],
    "isTemplate": false,
    "count": 0,
    "updated": 0
  },
  {
    "id": "e0237710-d57d-4e6c-91bd-e528d0503a4a",
    "data": [
      {
        "text": "one",
        "meta": "@sys.ignore",
        "userDefined": false
      },
      {
        "text": " more for ",
        "userDefined": false
      },
      {
        "text": "Sundays",
        "alias": "recurrence",
        "meta": "@recurrence",
        "userDefined": false
      }
    ],
    "isTemplate": false,
    "count": 0,
    "updated": 0
  },
  {
    "id": "13fffb7b-48a8-4b5e-b447-1636e955f85d",
    "data": [
      {
        "text": "and another ",
        "userDefined": false
      },
      {
        "text": "one",
        "meta": "@sys.ignore",
        "userDefined": false
      },
      {
        "text": " for ",
        "userDefined": false
      },
      {
        "text": "Wednesdays",
        "alias": "recurrence",
        "meta": "@recurrence",
        "userDefined": false
      }
    ],
    "isTemplate": false,
    "count": 0,
    "updated": 0
  },
  {
    "id": "9eb89c54-7259-4e10-9387-11eef6468ef9",
    "data": [
      {
        "text": "and for ",
        "userDefined": false
      },
      {
        "text": "every Friday",
        "alias": "recurrence",
        "meta": "@recurrence",
        "userDefined": false
      }
    ],
    "isTemplate": false,
    "count": 0,
    "updated": 0
  }
]