[
  {
    "id": "0d5f4cd6-39db-4351-b160-37e5a2a8de11",
    "data": [
      {
        "text": "give me the list of future reminders",
        "userDefined": false
      }
    ],
    "isTemplate": false,
    "count": 0,
    "updated": 1526882407
  },
  {
    "id": "332598f9-7c36-4619-b184-67a203b4876d",
    "data": [
      {
        "text": "enlist my future reminders for ",
        "userDefined": false
      },
      {
        "text": "tomorrow morning",
        "alias": "date-time",
        "meta": "@sys.date-time",
        "userDefined": false
      }
    ],
    "isTemplate": false,
    "count": 0,
    "updated": 1526882407
  },
  {
    "id": "3cf00d49-f8bc-44c8-ac5d-d57e4ffc7fbb",
    "data": [
      {
        "text": "what is my up coming reminders",
        "userDefined": false
      }
    ],
    "isTemplate": false,
    "count": 0,
    "updated": 1526882407
  },
  {
    "id": "1231d532-1569-4190-af22-316eb9325af0",
    "data": [
      {
        "text": "can you show my up coming reminders",
        "userDefined": false
      }
    ],
    "isTemplate": false,
    "count": 0,
    "updated": 1526882407
  },
  {
    "id": "77408073-0d68-426b-97af-7f274a3a90da",
    "data": [
      {
        "text": "show future reminders",
        "userDefined": false
      }
    ],
    "isTemplate": false,
    "count": 0,
    "updated": 1526882407
  },
  {
    "id": "7c80a633-a342-4a58-a084-ec73df62ec65",
    "data": [
      {
        "text": "give me the list of next reminders about ",
        "userDefined": false
      },
      {
        "text": "shopping",
        "alias": "name",
        "meta": "@sys.any",
        "userDefined": true
      }
    ],
    "isTemplate": false,
    "count": 0,
    "updated": 1526882407
  },
  {
    "id": "0dbe7530-7603-42cd-bdde-3fcda5193755",
    "data": [
      {
        "text": "future reminders for ",
        "userDefined": false
      },
      {
        "text": "weekdays",
        "alias": "recurrence",
        "meta": "@recurrence",
        "userDefined": true
      }
    ],
    "isTemplate": false,
    "count": 0,
    "updated": 1526882407
  },
  {
    "id": "190c0ebe-220a-4ae9-9637-da9306347128",
    "data": [
      {
        "text": "what are my up coming reminders",
        "userDefined": false
      }
    ],
    "isTemplate": false,
    "count": 0,
    "updated": 1526882407
  },
  {
    "id": "cc0c3a1a-c80b-4616-9764-010fe9fd1638",
    "data": [
      {
        "text": "my new reminders",
        "userDefined": false
      }
    ],
    "isTemplate": false,
    "count": 0,
    "updated": 1526882407
  },
  {
    "id": "af947cdc-22cd-4caf-90e8-14bd302ff81e",
    "data": [
      {
        "text": "list up coming reminders",
        "userDefined": false
      }
    ],
    "isTemplate": false,
    "count": 0,
    "updated": 1526882407
  },
  {
    "id": "e892eedc-aca0-42bd-8130-57d2f67b7528",
    "data": [
      {
        "text": "do i have something for to do ?",
        "userDefined": false
      }
    ],
    "isTemplate": false,
    "count": 1,
    "updated": 1526882407
  },
  {
    "id": "e9afa5e6-67bb-46bc-819b-3c95759c9bb9",
    "data": [
      {
        "text": "show reminders about ",
        "userDefined": false
      },
      {
        "text": "visiting my parents",
        "alias": "name",
        "meta": "@sys.any",
        "userDefined": true
      }
    ],
    "isTemplate": false,
    "count": 0,
    "updated": 1526882407
  },
  {
    "id": "b816965d-33f2-46f5-8fa0-a56101b19820",
    "data": [
      {
        "text": "list of future reminders",
        "userDefined": false
      }
    ],
    "isTemplate": false,
    "count": 0,
    "updated": 1526882407
  },
  {
    "id": "c8b469b5-c081-4a68-98b0-c1bbc5dd8cf1",
    "data": [
      {
        "text": "open the list of my ",
        "userDefined": false
      },
      {
        "text": "next week",
        "alias": "date-time",
        "meta": "@sys.date-time",
        "userDefined": true
      },
      {
        "text": " reminders about ",
        "userDefined": false
      },
      {
        "text": "holidays",
        "alias": "name",
        "meta": "@sys.any",
        "userDefined": true
      }
    ],
    "isTemplate": false,
    "count": 0,
    "updated": 1526882407
  },
  {
    "id": "6d3b5330-97d7-4866-b063-43ae1da87161",
    "data": [
      {
        "text": "up coming reminders for ",
        "userDefined": false
      },
      {
        "text": "work",
        "alias": "location",
        "meta": "@sys.location",
        "userDefined": true
      }
    ],
    "isTemplate": false,
    "count": 0,
    "updated": 1526882407
  },
  {
    "id": "502ca1da-ee7c-407e-891b-044eab5e13b5",
    "data": [
      {
        "text": "show ",
        "userDefined": false
      },
      {
        "text": "all",
        "alias": "all",
        "meta": "@all",
        "userDefined": true
      },
      {
        "text": " reminders about ",
        "userDefined": false
      },
      {
        "text": "fitness",
        "alias": "name",
        "meta": "@sys.any",
        "userDefined": true
      },
      {
        "text": " for ",
        "userDefined": false
      },
      {
        "text": "next weekend",
        "alias": "date-time",
        "meta": "@sys.date-time",
        "userDefined": true
      }
    ],
    "isTemplate": false,
    "count": 0,
    "updated": 1526882407
  },
  {
    "id": "df7780be-6acf-49fb-90ff-17fca4a9c9f7",
    "data": [
      {
        "text": "next reminders",
        "userDefined": false
      }
    ],
    "isTemplate": false,
    "count": 0,
    "updated": 1526882407
  },
  {
    "id": "abf85041-7a7a-49cd-82ef-c3c044eee287",
    "data": [
      {
        "text": "I need you to search for my ",
        "userDefined": false
      },
      {
        "text": "tomorrow",
        "alias": "date-time",
        "meta": "@sys.date-time",
        "userDefined": false
      },
      {
        "text": " reminders",
        "userDefined": false
      }
    ],
    "isTemplate": false,
    "count": 0,
    "updated": 1526882407
  },
  {
    "id": "d9e7e3d1-759e-4bcf-ac1c-1cafa8067429",
    "data": [
      {
        "text": "past reminders about ",
        "userDefined": false
      },
      {
        "text": "walking",
        "alias": "name",
        "meta": "@sys.any",
        "userDefined": true
      }
    ],
    "isTemplate": false,
    "count": 0,
    "updated": 1526882407
  },
  {
    "id": "2d8de256-4fef-4843-8885-bdeafe797585",
    "data": [
      {
        "text": "give me the list of the ",
        "userDefined": false
      },
      {
        "text": "next year",
        "alias": "date-time",
        "meta": "@sys.date-time",
        "userDefined": true
      },
      {
        "text": " reminders",
        "userDefined": false
      }
    ],
    "isTemplate": false,
    "count": 0,
    "updated": 1526882407
  },
  {
    "id": "62949166-9ae4-4e93-b8e9-5f7606d2906b",
    "data": [
      {
        "text": "show me old reminder about ",
        "userDefined": false
      },
      {
        "text": "doctor\u0027s appointment",
        "alias": "name",
        "meta": "@sys.any",
        "userDefined": true
      }
    ],
    "isTemplate": false,
    "count": 0,
    "updated": 1526882407
  },
  {
    "id": "eeb52fa3-9c30-4d09-b0a5-f6cca3e4f1f0",
    "data": [
      {
        "text": "show my up coming reminders for ",
        "userDefined": false
      },
      {
        "text": "every Friday",
        "alias": "recurrence",
        "meta": "@recurrence",
        "userDefined": true
      }
    ],
    "isTemplate": false,
    "count": 1,
    "updated": 1526882407
  },
  {
    "id": "e1fd97d7-ecd5-4070-af2d-fbe2de48b489",
    "data": [
      {
        "text": "show ",
        "userDefined": false
      },
      {
        "text": "all",
        "alias": "all",
        "meta": "@all",
        "userDefined": true
      },
      {
        "text": " reminders by ",
        "userDefined": false
      },
      {
        "text": "next week",
        "alias": "date-time",
        "meta": "@sys.date-time",
        "userDefined": true
      }
    ],
    "isTemplate": false,
    "count": 0,
    "updated": 1526882407
  },
  {
    "id": "71a683d4-992c-41a6-b5e9-f8f611f5c5f7",
    "data": [
      {
        "text": "look for new reminders for ",
        "userDefined": false
      },
      {
        "text": "watering my flowers",
        "alias": "name",
        "meta": "@sys.any",
        "userDefined": true
      }
    ],
    "isTemplate": false,
    "count": 0,
    "updated": 1526882407
  },
  {
    "id": "c3e7ec0d-7a62-46ca-b82b-6bfe7542730f",
    "data": [
      {
        "text": "future reminders scheduled for ",
        "userDefined": false
      },
      {
        "text": "address 443 Waverley Street Palo Alto",
        "alias": "location",
        "meta": "@sys.location",
        "userDefined": true
      }
    ],
    "isTemplate": false,
    "count": 0,
    "updated": 1526882407
  },
  {
    "id": "0cee7d78-8d6d-4f37-8e93-d554d19afa49",
    "data": [
      {
        "text": "show my ",
        "userDefined": false
      },
      {
        "text": "work",
        "alias": "location",
        "meta": "@sys.location",
        "userDefined": true
      },
      {
        "text": " related reminders",
        "userDefined": false
      }
    ],
    "isTemplate": false,
    "count": 0,
    "updated": 1526882407
  },
  {
    "id": "0e9aed6e-4fde-44d8-b558-26b8cb40cae0",
    "data": [
      {
        "text": "up coming reminders for ",
        "userDefined": false
      },
      {
        "text": "7 am",
        "alias": "date-time",
        "meta": "@sys.date-time",
        "userDefined": true
      },
      {
        "text": " ",
        "userDefined": false
      },
      {
        "text": "every Friday",
        "alias": "recurrence",
        "meta": "@recurrence",
        "userDefined": true
      },
      {
        "text": " about ",
        "userDefined": false
      },
      {
        "text": "yoga",
        "alias": "name",
        "meta": "@sys.any",
        "userDefined": true
      }
    ],
    "isTemplate": false,
    "count": 0,
    "updated": 1526882407
  },
  {
    "id": "5af27a11-0aed-4391-83b1-7de21c3b3228",
    "data": [
      {
        "text": "show my future reminders scheduled for ",
        "userDefined": false
      },
      {
        "text": "every Wednesday",
        "alias": "recurrence",
        "meta": "@recurrence",
        "userDefined": true
      },
      {
        "text": " ",
        "userDefined": false
      },
      {
        "text": "6 am",
        "alias": "date-time",
        "meta": "@sys.date-time",
        "userDefined": true
      }
    ],
    "isTemplate": false,
    "count": 0,
    "updated": 1526882407
  },
  {
    "id": "5721cbab-2e21-4270-b494-6773fe1d6038",
    "data": [
      {
        "text": "next reminders with location ",
        "userDefined": false
      },
      {
        "text": "home",
        "alias": "location",
        "meta": "@sys.location",
        "userDefined": true
      }
    ],
    "isTemplate": false,
    "count": 0,
    "updated": 1526882407
  },
  {
    "id": "d88aea32-1e72-4151-928b-2367d56e3253",
    "data": [
      {
        "text": "do i have any reminder ?",
        "userDefined": false
      }
    ],
    "isTemplate": false,
    "count": 0,
    "updated": 1526882407
  },
  {
    "id": "a732c409-dd05-4932-80ef-0df581a21030",
    "data": [
      {
        "text": "show me my future reminders about ",
        "userDefined": false
      },
      {
        "text": "yoga",
        "alias": "name",
        "meta": "@sys.any",
        "userDefined": true
      },
      {
        "text": " by ",
        "userDefined": false
      },
      {
        "text": "next week",
        "alias": "date-time",
        "meta": "@sys.date-time",
        "userDefined": false
      }
    ],
    "isTemplate": false,
    "count": 0,
    "updated": 1526882407
  },
  {
    "id": "fa87e729-1ea8-4c2b-a994-1af0608f8a12",
    "data": [
      {
        "text": "show my next reminders",
        "userDefined": false
      }
    ],
    "isTemplate": false,
    "count": 0,
    "updated": 1526882407
  },
  {
    "id": "7d2509f5-2480-4263-ac10-136c42bce458",
    "data": [
      {
        "text": "search for future reminders",
        "userDefined": false
      }
    ],
    "isTemplate": false,
    "count": 0,
    "updated": 1526882407
  },
  {
    "id": "9ed8719d-1c91-4f00-8123-b25fa8d07b24",
    "data": [
      {
        "text": "past reminders about ",
        "userDefined": false
      },
      {
        "text": "coffee",
        "alias": "name",
        "meta": "@sys.any",
        "userDefined": true
      },
      {
        "text": " in ",
        "userDefined": false
      },
      {
        "text": "London",
        "alias": "location",
        "meta": "@sys.location",
        "userDefined": false
      }
    ],
    "isTemplate": false,
    "count": 0,
    "updated": 1526882407
  },
  {
    "id": "63d7cbe4-21c9-4e62-b9dc-437e0ff170de",
    "data": [
      {
        "text": "what is my next reminders",
        "userDefined": false
      }
    ],
    "isTemplate": false,
    "count": 0,
    "updated": 1526882407
  },
  {
    "id": "90e07a51-50d4-44d7-9e1a-3cb5e64b6c69",
    "data": [
      {
        "text": "next reminder for ",
        "userDefined": false
      },
      {
        "text": "6 am",
        "alias": "date-time",
        "meta": "@sys.date-time",
        "userDefined": false
      }
    ],
    "isTemplate": false,
    "count": 0,
    "updated": 1526882407
  },
  {
    "id": "353153f5-c3ea-4a73-a708-ee7a0b565c00",
    "data": [
      {
        "text": "bring up the list of ",
        "userDefined": false
      },
      {
        "text": "all",
        "alias": "all",
        "meta": "@all",
        "userDefined": true
      },
      {
        "text": " my ",
        "userDefined": false
      },
      {
        "text": "next",
        "alias": "date-time",
        "meta": "@sys.date-time",
        "userDefined": true
      },
      {
        "text": " reminders",
        "userDefined": false
      }
    ],
    "isTemplate": false,
    "count": 0,
    "updated": 1526882407
  },
  {
    "id": "d2ea0c88-cfbf-412f-86c6-33bed2713d40",
    "data": [
      {
        "text": "show my future reminders for ",
        "userDefined": false
      },
      {
        "text": "business call",
        "alias": "name",
        "meta": "@sys.any",
        "userDefined": true
      }
    ],
    "isTemplate": false,
    "count": 1,
    "updated": 1526882407
  },
  {
    "id": "a2fd9ccc-9c26-442e-9d82-2c0bf14f1b73",
    "data": [
      {
        "text": "search for reminders about ",
        "userDefined": false
      },
      {
        "text": "jogging",
        "alias": "name",
        "meta": "@sys.any",
        "userDefined": true
      },
      {
        "text": " scheduled for ",
        "userDefined": false
      },
      {
        "text": "every day",
        "alias": "recurrence",
        "meta": "@recurrence",
        "userDefined": true
      }
    ],
    "isTemplate": false,
    "count": 0,
    "updated": 1526882407
  },
  {
    "id": "030bb7b1-83ee-4b77-83cb-1658b8defb9c",
    "data": [
      {
        "text": "show my up coming reminders",
        "userDefined": false
      }
    ],
    "isTemplate": false,
    "count": 0,
    "updated": 1526882407
  },
  {
    "id": "92f1e9c9-8f61-4a85-ae82-eedf9a3093bd",
    "data": [
      {
        "text": "i want to see my up coming reminders",
        "userDefined": false
      }
    ],
    "isTemplate": false,
    "count": 0,
    "updated": 1526882407
  },
  {
    "id": "ff7fbdbe-7787-4589-936f-55408e7a1ec0",
    "data": [
      {
        "text": "enlist my future reminders",
        "userDefined": false
      }
    ],
    "isTemplate": false,
    "count": 1,
    "updated": 1526882407
  },
  {
    "id": "e43ba56b-3205-444d-b6ae-6e120eeae078",
    "data": [
      {
        "text": "show me future reminders for ",
        "userDefined": false
      },
      {
        "text": "next week",
        "alias": "date-time",
        "meta": "@sys.date-time",
        "userDefined": false
      }
    ],
    "isTemplate": false,
    "count": 0,
    "updated": 1526882407
  },
  {
    "id": "587f7a00-d9b8-4a9b-8c1a-c44d750e619b",
    "data": [
      {
        "text": "do i have something to do ?",
        "userDefined": false
      }
    ],
    "isTemplate": false,
    "count": 1,
    "updated": 1526882407
  },
  {
    "id": "18d80a69-7366-4c92-a7ee-8b453662c70b",
    "data": [
      {
        "text": "up coming reminders",
        "userDefined": false
      }
    ],
    "isTemplate": false,
    "count": 0,
    "updated": 1526882407
  }
]