[
  {
    "id": "ce1a0cfd-7135-49d8-8c77-204bf507baa2",
    "data": [
      {
        "text": "don\u0027t let me forget to ",
        "userDefined": false
      },
      {
        "text": "buy eggs",
        "alias": "name",
        "meta": "@sys.any",
        "userDefined": false
      },
      {
        "text": " when I\u0027m at the ",
        "userDefined": false
      },
      {
        "text": "grocery store",
        "alias": "location",
        "meta": "@sys.location",
        "userDefined": true
      }
    ],
    "isTemplate": false,
    "count": 0,
    "updated": 0
  },
  {
    "id": "a5c60771-5cf4-4afc-a61e-6ff230846180",
    "data": [
      {
        "text": "remind me to ",
        "userDefined": false
      },
      {
        "text": "call mom",
        "alias": "name",
        "meta": "@sys.any",
        "userDefined": false
      },
      {
        "text": " ",
        "userDefined": false
      },
      {
        "text": "every",
        "meta": "@sys.ignore",
        "userDefined": false
      },
      {
        "text": " time I\u0027m at ",
        "userDefined": false
      },
      {
        "text": "home",
        "alias": "location",
        "meta": "@sys.location",
        "userDefined": true
      }
    ],
    "isTemplate": false,
    "count": 0,
    "updated": 0
  },
  {
    "id": "e541204d-f162-42a1-8c00-e438b556c494",
    "data": [
      {
        "text": "remind me to ",
        "userDefined": false
      },
      {
        "text": "buy milk",
        "alias": "name",
        "meta": "@sys.any",
        "userDefined": true
      },
      {
        "text": " ",
        "userDefined": false
      },
      {
        "text": "every",
        "meta": "@sys.ignore",
        "userDefined": false
      },
      {
        "text": " time at the ",
        "userDefined": false
      },
      {
        "text": "grocery store",
        "alias": "location",
        "meta": "@sys.location",
        "userDefined": true
      }
    ],
    "isTemplate": false,
    "count": 0,
    "updated": 0
  },
  {
    "id": "8f4de459-8df2-446a-8b43-6c7330b95ee1",
    "data": [
      {
        "text": "remind me to ",
        "userDefined": false
      },
      {
        "text": "call Tom",
        "alias": "name",
        "meta": "@sys.any",
        "userDefined": false
      },
      {
        "text": " at ",
        "userDefined": false
      },
      {
        "text": "8 am",
        "alias": "date-time",
        "meta": "@sys.date-time",
        "userDefined": true
      },
      {
        "text": " ",
        "userDefined": false
      },
      {
        "text": "every Friday",
        "alias": "recurrence",
        "meta": "@recurrence",
        "userDefined": false
      },
      {
        "text": " when I\u0027m at the ",
        "userDefined": false
      },
      {
        "text": "office",
        "alias": "location",
        "meta": "@sys.location",
        "userDefined": true
      }
    ],
    "isTemplate": false,
    "count": 0,
    "updated": 0
  },
  {
    "id": "495625ab-f1d1-4ea0-a0d2-7284a102fdef",
    "data": [
      {
        "text": "remind me when I get ",
        "userDefined": false
      },
      {
        "text": "home",
        "alias": "location",
        "meta": "@sys.location",
        "userDefined": true
      },
      {
        "text": " to ",
        "userDefined": false
      },
      {
        "text": "send an email to John",
        "alias": "name",
        "meta": "@sys.any",
        "userDefined": true
      }
    ],
    "isTemplate": false,
    "count": 0,
    "updated": 0
  },
  {
    "id": "77090425-f7fc-441d-a0b5-2bb41e662c7f",
    "data": [
      {
        "text": "remind me to ",
        "userDefined": false
      },
      {
        "text": "feed the cat",
        "alias": "name",
        "meta": "@sys.any",
        "userDefined": true
      },
      {
        "text": " when I\u0027m at ",
        "userDefined": false
      },
      {
        "text": "home",
        "alias": "location",
        "meta": "@sys.location",
        "userDefined": true
      }
    ],
    "isTemplate": false,
    "count": 0,
    "updated": 0
  },
  {
    "id": "647ba286-be20-4a17-a5aa-de791431771e",
    "data": [
      {
        "text": "remind me to ",
        "userDefined": false
      },
      {
        "text": "walk my dog",
        "alias": "name",
        "meta": "@sys.any",
        "userDefined": true
      },
      {
        "text": " when I get ",
        "userDefined": false
      },
      {
        "text": "home",
        "alias": "location",
        "meta": "@sys.location",
        "userDefined": true
      }
    ],
    "isTemplate": false,
    "count": 0,
    "updated": 0
  },
  {
    "id": "854e13d9-46bc-49b6-85b1-05f8b749d5ff",
    "data": [
      {
        "text": "remind me when I\u0027m at the ",
        "userDefined": false
      },
      {
        "text": "office",
        "alias": "location",
        "meta": "@sys.location",
        "userDefined": true
      },
      {
        "text": " to ",
        "userDefined": false
      },
      {
        "text": "text Sara",
        "alias": "name",
        "meta": "@sys.any",
        "userDefined": false
      }
    ],
    "isTemplate": false,
    "count": 0,
    "updated": 0
  },
  {
    "id": "838b2c65-f074-498d-997b-d94bd3c1dae8",
    "data": [
      {
        "text": "remind me to ",
        "userDefined": false
      },
      {
        "text": "visit my friend",
        "alias": "name",
        "meta": "@sys.any",
        "userDefined": true
      },
      {
        "text": " when I\u0027m at ",
        "userDefined": false
      },
      {
        "text": "Waverley Street Palo Alto",
        "alias": "location",
        "meta": "@sys.location",
        "userDefined": false
      }
    ],
    "isTemplate": false,
    "count": 0,
    "updated": 0
  },
  {
    "id": "6d29b093-2cc5-40f1-8375-d5e1cbc57bca",
    "data": [
      {
        "text": "remind me to ",
        "userDefined": false
      },
      {
        "text": "call Tom",
        "alias": "name",
        "meta": "@sys.any",
        "userDefined": false
      },
      {
        "text": " when I get to the ",
        "userDefined": false
      },
      {
        "text": "office",
        "alias": "location",
        "meta": "@sys.location",
        "userDefined": true
      }
    ],
    "isTemplate": false,
    "count": 0,
    "updated": 0
  },
  {
    "id": "d5a2bf33-9b01-43bb-96b7-5fd0db5235d9",
    "data": [
      {
        "text": "remind me to ",
        "userDefined": false
      },
      {
        "text": "buy fresh veggies",
        "alias": "name",
        "meta": "@sys.any",
        "userDefined": true
      },
      {
        "text": " ",
        "userDefined": false
      },
      {
        "text": "every",
        "meta": "@sys.ignore",
        "userDefined": false
      },
      {
        "text": " time at the ",
        "userDefined": false
      },
      {
        "text": "grocery store",
        "alias": "location",
        "meta": "@sys.location",
        "userDefined": true
      }
    ],
    "isTemplate": false,
    "count": 0,
    "updated": 0
  }
]