[
  {
    "id": "707831e9-b498-487a-899c-45d26987f69a",
    "data": [
      {
        "text": "yeah",
        "userDefined": false
      }
    ],
    "isTemplate": false,
    "count": 0,
    "updated": 1526884782
  },
  {
    "id": "0c769035-60a9-4228-80cd-3b810a074050",
    "data": [
      {
        "text": "okay",
        "userDefined": false
      }
    ],
    "isTemplate": false,
    "count": 0,
    "updated": 1526884782
  },
  {
    "id": "53d35797-062d-4a56-941e-57e63afccbe2",
    "data": [
      {
        "text": "yes",
        "userDefined": false
      }
    ],
    "isTemplate": false,
    "count": 0,
    "updated": 1526884782
  },
  {
    "id": "a43e3181-9869-4750-8608-ffa592e3e558",
    "data": [
      {
        "text": "do it",
        "userDefined": false
      }
    ],
    "isTemplate": false,
    "count": 1,
    "updated": 1526884782
  },
  {
    "id": "f67f570d-b17e-41ea-ba23-c9b4c9e87766",
    "data": [
      {
        "text": "hmm",
        "userDefined": false
      }
    ],
    "isTemplate": false,
    "count": 0,
    "updated": 1526884782
  },
  {
    "id": "ac8a3a04-b05d-490f-a54c-21d006500c7b",
    "data": [
      {
        "text": "of course",
        "userDefined": false
      }
    ],
    "isTemplate": false,
    "count": 0,
    "updated": 1526884782
  },
  {
    "id": "7c8904ae-f04f-42e2-b13c-04f3a58e4272",
    "data": [
      {
        "text": "I agree",
        "userDefined": false
      }
    ],
    "isTemplate": false,
    "count": 1,
    "updated": 1526884782
  },
  {
    "id": "8b27a378-00c2-4437-a91b-4a4a0197a5f8",
    "data": [
      {
        "text": "sure",
        "userDefined": false
      }
    ],
    "isTemplate": false,
    "count": 2,
    "updated": 1526884782
  },
  {
    "id": "e7f53c16-bf90-4842-a4b1-c7d95dd45cce",
    "data": [
      {
        "text": "yeap",
        "userDefined": false
      }
    ],
    "isTemplate": false,
    "count": 0,
    "updated": 1526884782
  },
  {
    "id": "4d5eecbb-c903-4a7a-9ff1-b1c91f110eb2",
    "data": [
      {
        "text": "ok",
        "userDefined": false
      }
    ],
    "isTemplate": false,
    "count": 0,
    "updated": 1526884782
  },
  {
    "id": "bd5aab22-d76c-4edf-b9e5-87c56a99e394",
    "data": [
      {
        "text": "confirm",
        "userDefined": false
      }
    ],
    "isTemplate": false,
    "count": 1,
    "updated": 1526884782
  }
]