[
  {
    "id": "a74ab5f4-d943-49ff-bb4f-06941b8c127c",
    "data": [
      {
        "text": "I need you to search for my ",
        "userDefined": false
      },
      {
        "text": "yesterday\u0027s",
        "alias": "date-time",
        "meta": "@sys.date-time",
        "userDefined": true
      },
      {
        "text": " reminders",
        "userDefined": false
      }
    ],
    "isTemplate": false,
    "count": 0,
    "updated": 1526126550
  },
  {
    "id": "4401b808-b702-4cd0-a576-86e4e8d43afd",
    "data": [
      {
        "text": "give",
        "meta": "@sys.ignore",
        "userDefined": true
      },
      {
        "text": " me the list of past reminders",
        "userDefined": false
      }
    ],
    "isTemplate": false,
    "count": 0,
    "updated": 1526126550
  },
  {
    "id": "1d858e00-f057-437b-b35b-42ed42db65d0",
    "data": [
      {
        "text": "show my past reminders for ",
        "userDefined": false
      },
      {
        "text": "business call",
        "alias": "name",
        "meta": "@sys.any",
        "userDefined": true
      }
    ],
    "isTemplate": false,
    "count": 0,
    "updated": 1526126550
  },
  {
    "id": "dedb474f-4032-4f88-84bf-d613d56e7c66",
    "data": [
      {
        "text": "where ",
        "userDefined": false
      },
      {
        "text": "are",
        "meta": "@sys.ignore",
        "userDefined": true
      },
      {
        "text": " my old reminders",
        "userDefined": false
      }
    ],
    "isTemplate": false,
    "count": 0,
    "updated": 1526126550
  },
  {
    "id": "cdf6e1f3-5e49-4b2c-9d1a-eac7eaa6cb73",
    "data": [
      {
        "text": "past reminders scheduled for address ",
        "userDefined": false
      },
      {
        "text": "443 Waverley Street Palo Alto",
        "alias": "location",
        "meta": "@sys.location",
        "userDefined": true
      }
    ],
    "isTemplate": false,
    "count": 0,
    "updated": 1526126550
  },
  {
    "id": "3dba3013-2765-484f-9878-49231f438817",
    "data": [
      {
        "text": "look for old reminders for ",
        "userDefined": false
      },
      {
        "text": "watering my flowers",
        "alias": "name",
        "meta": "@sys.any",
        "userDefined": true
      }
    ],
    "isTemplate": false,
    "count": 0,
    "updated": 1526126550
  },
  {
    "id": "d4be6066-a3d8-4050-b5b1-4bf292738d0e",
    "data": [
      {
        "text": "old reminders for ",
        "userDefined": false
      },
      {
        "text": "work",
        "alias": "location",
        "meta": "@sys.location",
        "userDefined": true
      }
    ],
    "isTemplate": false,
    "count": 0,
    "updated": 1526126550
  },
  {
    "id": "1519563f-21b0-4102-83fe-68ad1f096409",
    "data": [
      {
        "text": "past reminders for ",
        "userDefined": false
      },
      {
        "text": "weekdays",
        "alias": "recurrence",
        "meta": "@recurrence",
        "userDefined": true
      }
    ],
    "isTemplate": false,
    "count": 0,
    "updated": 1526126550
  },
  {
    "id": "f34f1708-302e-4648-aa4a-299ab48a2547",
    "data": [
      {
        "text": "bring up the list of ",
        "userDefined": false
      },
      {
        "text": "all",
        "alias": "all",
        "meta": "@all",
        "userDefined": true
      },
      {
        "text": " my past reminders",
        "userDefined": false
      }
    ],
    "isTemplate": false,
    "count": 0,
    "updated": 1526126550
  },
  {
    "id": "fe583ebd-201a-458a-b44a-700a517b22c7",
    "data": [
      {
        "text": "old reminders with location ",
        "userDefined": false
      },
      {
        "text": "home",
        "alias": "location",
        "meta": "@sys.location",
        "userDefined": true
      }
    ],
    "isTemplate": false,
    "count": 0,
    "updated": 1526126550
  },
  {
    "id": "63f5496d-0085-41aa-95b5-5aa378ca0b8e",
    "data": [
      {
        "text": "show my old ",
        "userDefined": false
      },
      {
        "text": "work",
        "alias": "location",
        "meta": "@sys.location",
        "userDefined": true
      },
      {
        "text": " related reminders",
        "userDefined": false
      }
    ],
    "isTemplate": false,
    "count": 0,
    "updated": 1526882279
  },
  {
    "id": "23dbcd8a-4e58-4665-8638-13bc5cd9bb09",
    "data": [
      {
        "text": "show past reminders",
        "userDefined": false
      }
    ],
    "isTemplate": false,
    "count": 0,
    "updated": 1526126550
  },
  {
    "id": "1d9308c5-2f55-49bc-bd45-6941fac3f25e",
    "data": [
      {
        "text": "can you show my previous reminders",
        "userDefined": false
      }
    ],
    "isTemplate": false,
    "count": 0,
    "updated": 1526126550
  },
  {
    "id": "5403e74a-54b0-4313-babd-8c35f0f0b36c",
    "data": [
      {
        "text": "past reminders about ",
        "userDefined": false
      },
      {
        "text": "walking",
        "alias": "name",
        "meta": "@sys.any",
        "userDefined": true
      }
    ],
    "isTemplate": false,
    "count": 0,
    "updated": 1526126550
  },
  {
    "id": "6e1da4c8-4d9d-47db-b246-2d4aa5c97a0f",
    "data": [
      {
        "text": "i want to see my previous reminders",
        "userDefined": false
      }
    ],
    "isTemplate": false,
    "count": 0,
    "updated": 1526126550
  },
  {
    "id": "e3df76dc-0d7a-4e4e-831a-beeecf18b6d7",
    "data": [
      {
        "text": "show ",
        "userDefined": false
      },
      {
        "text": "all",
        "alias": "all",
        "meta": "@all",
        "userDefined": true
      },
      {
        "text": " reminders from ",
        "userDefined": false
      },
      {
        "text": "last week",
        "alias": "date-time",
        "meta": "@sys.date-time",
        "userDefined": true
      }
    ],
    "isTemplate": false,
    "count": 0,
    "updated": 1526126550
  },
  {
    "id": "ab8f7de7-e6c7-4474-8f59-622730d5fcbc",
    "data": [
      {
        "text": "show past reminders about ",
        "userDefined": false
      },
      {
        "text": "visiting my parents",
        "alias": "name",
        "meta": "@sys.any",
        "userDefined": true
      }
    ],
    "isTemplate": false,
    "count": 0,
    "updated": 1526126550
  },
  {
    "id": "3a932eab-c4f6-4ecb-a3e9-e9c025241485",
    "data": [
      {
        "text": "past reminders about ",
        "userDefined": false
      },
      {
        "text": "coffee",
        "alias": "name",
        "meta": "@sys.any",
        "userDefined": true
      },
      {
        "text": " in ",
        "userDefined": false
      },
      {
        "text": "London",
        "alias": "location",
        "meta": "@sys.location",
        "userDefined": false
      }
    ],
    "isTemplate": false,
    "count": 0,
    "updated": 1526126550
  },
  {
    "id": "118aed07-39b5-4c34-b8b2-230c1025c197",
    "data": [
      {
        "text": "old reminders",
        "userDefined": false
      }
    ],
    "isTemplate": false,
    "count": 0,
    "updated": 1526126550
  },
  {
    "id": "18e01d0b-c105-4e03-9175-42d4cb1e7007",
    "data": [
      {
        "text": "list ",
        "userDefined": false
      },
      {
        "text": "of",
        "meta": "@sys.ignore",
        "userDefined": true
      },
      {
        "text": " past reminders",
        "userDefined": false
      }
    ],
    "isTemplate": false,
    "count": 0,
    "updated": 1526126550
  },
  {
    "id": "0833ef1d-cc83-4f80-98cb-bfc4dea3c26e",
    "data": [
      {
        "text": "open the list of my ",
        "userDefined": false
      },
      {
        "text": "last week",
        "alias": "date-time",
        "meta": "@sys.date-time",
        "userDefined": true
      },
      {
        "text": " reminders about ",
        "userDefined": false
      },
      {
        "text": "holidays",
        "alias": "name",
        "meta": "@sys.any",
        "userDefined": true
      }
    ],
    "isTemplate": false,
    "count": 0,
    "updated": 1526126550
  },
  {
    "id": "7292a213-96ae-4ed4-b380-b1c09d70881e",
    "data": [
      {
        "text": "what is my previous reminders",
        "userDefined": false
      }
    ],
    "isTemplate": false,
    "count": 0,
    "updated": 1526126550
  },
  {
    "id": "d46d54f8-6b6d-4c13-a003-dc128e8722c1",
    "data": [
      {
        "text": "show my old reminders",
        "userDefined": false
      }
    ],
    "isTemplate": false,
    "count": 0,
    "updated": 1526126550
  },
  {
    "id": "d08d1b64-fe4e-4313-b727-fbfc2e1e19e1",
    "data": [
      {
        "text": "show my past reminders scheduled for ",
        "userDefined": false
      },
      {
        "text": "every Wednesday",
        "alias": "recurrence",
        "meta": "@recurrence",
        "userDefined": true
      },
      {
        "text": " ",
        "userDefined": false
      },
      {
        "text": "6 am",
        "alias": "date-time",
        "meta": "@sys.date-time",
        "userDefined": true
      }
    ],
    "isTemplate": false,
    "count": 0,
    "updated": 1526126550
  },
  {
    "id": "678c3616-8f52-41da-94cf-a7178bbd8284",
    "data": [
      {
        "text": "search past reminders",
        "userDefined": false
      }
    ],
    "isTemplate": false,
    "count": 0,
    "updated": 1526126550
  },
  {
    "id": "4fcfd9a5-2bed-4f4a-8a61-2840f3de86f3",
    "data": [
      {
        "text": "show my previous reminders",
        "userDefined": false
      }
    ],
    "isTemplate": false,
    "count": 0,
    "updated": 1526126550
  },
  {
    "id": "c4b1aeb2-a40d-446d-8d5e-74ae65bd3ea5",
    "data": [
      {
        "text": "enlist my past reminders",
        "userDefined": false
      }
    ],
    "isTemplate": false,
    "count": 0,
    "updated": 1526126550
  },
  {
    "id": "e758ce1c-2617-45ca-bd90-9c0727897bda",
    "data": [
      {
        "text": "show my past reminders for ",
        "userDefined": false
      },
      {
        "text": "every Friday",
        "alias": "recurrence",
        "meta": "@recurrence",
        "userDefined": true
      }
    ],
    "isTemplate": false,
    "count": 0,
    "updated": 1526126550
  },
  {
    "id": "e38c4cd8-7ec8-493d-a295-2298a82cb455",
    "data": [
      {
        "text": "past reminder ",
        "userDefined": false
      },
      {
        "text": "for 6 am",
        "alias": "date-time",
        "meta": "@sys.date-time",
        "userDefined": true
      }
    ],
    "isTemplate": false,
    "count": 0,
    "updated": 1526126550
  },
  {
    "id": "7989756d-86ea-498a-bdec-0f430b167a3f",
    "data": [
      {
        "text": "enlist my past reminders for ",
        "userDefined": false
      },
      {
        "text": "yesterdays morning",
        "alias": "date-time",
        "meta": "@sys.date-time",
        "userDefined": true
      }
    ],
    "isTemplate": false,
    "count": 0,
    "updated": 1526126550
  },
  {
    "id": "bc7e13e0-780c-4a22-b5af-02805bdddff6",
    "data": [
      {
        "text": "search for old reminders about ",
        "userDefined": false
      },
      {
        "text": "jogging",
        "alias": "name",
        "meta": "@sys.any",
        "userDefined": true
      },
      {
        "text": " scheduled for ",
        "userDefined": false
      },
      {
        "text": "every day",
        "alias": "recurrence",
        "meta": "@recurrence",
        "userDefined": true
      }
    ],
    "isTemplate": false,
    "count": 0,
    "updated": 1526126550
  },
  {
    "id": "942546a3-ffd4-4579-9d5d-cb5f332b8d86",
    "data": [
      {
        "text": "give me the list of past reminders about ",
        "userDefined": false
      },
      {
        "text": "shopping",
        "alias": "name",
        "meta": "@sys.any",
        "userDefined": true
      }
    ],
    "isTemplate": false,
    "count": 0,
    "updated": 1526126550
  },
  {
    "id": "9e53bb13-32dc-4896-a3b6-fbb7979269b5",
    "data": [
      {
        "text": "show ",
        "userDefined": false
      },
      {
        "text": "all",
        "alias": "all",
        "meta": "@all",
        "userDefined": true
      },
      {
        "text": " reminders ",
        "userDefined": false
      },
      {
        "text": "about",
        "meta": "@sys.ignore",
        "userDefined": true
      },
      {
        "text": " ",
        "userDefined": false
      },
      {
        "text": "fitness",
        "alias": "name",
        "meta": "@sys.any",
        "userDefined": true
      },
      {
        "text": " for ",
        "userDefined": false
      },
      {
        "text": "last weekend",
        "alias": "date-time",
        "meta": "@sys.date-time",
        "userDefined": true
      }
    ],
    "isTemplate": false,
    "count": 0,
    "updated": 1526126550
  },
  {
    "id": "cfdb3295-4944-4533-8ec2-ec82479d9f0d",
    "data": [
      {
        "text": "my old reminders",
        "userDefined": false
      }
    ],
    "isTemplate": false,
    "count": 0,
    "updated": 1526126550
  },
  {
    "id": "346b0f73-5911-406e-a4c1-0fd4bfc7b16f",
    "data": [
      {
        "text": "show me old reminder about ",
        "userDefined": false
      },
      {
        "text": "doctor\u0027s appointment",
        "alias": "name",
        "meta": "@sys.any",
        "userDefined": true
      }
    ],
    "isTemplate": false,
    "count": 0,
    "updated": 1526126550
  },
  {
    "id": "abe49f5a-12d8-471a-b527-ee6b48eeb458",
    "data": [
      {
        "text": "past reminders for ",
        "userDefined": false
      },
      {
        "text": "7 am",
        "alias": "date-time",
        "meta": "@sys.date-time",
        "userDefined": true
      },
      {
        "text": " ",
        "userDefined": false
      },
      {
        "text": "every Friday",
        "alias": "recurrence",
        "meta": "@recurrence",
        "userDefined": true
      },
      {
        "text": " about ",
        "userDefined": false
      },
      {
        "text": "yoga",
        "alias": "name",
        "meta": "@sys.any",
        "userDefined": true
      }
    ],
    "isTemplate": false,
    "count": 0,
    "updated": 1526126550
  },
  {
    "id": "5d67dc74-3a4d-4173-a24d-f5e3ddb45a10",
    "data": [
      {
        "text": "give",
        "meta": "@sys.ignore",
        "userDefined": false
      },
      {
        "text": " ",
        "userDefined": false
      },
      {
        "text": "me",
        "meta": "@sys.ignore",
        "userDefined": false
      },
      {
        "text": " the ",
        "userDefined": false
      },
      {
        "text": "list",
        "meta": "@sys.ignore",
        "userDefined": false
      },
      {
        "text": " ",
        "userDefined": false
      },
      {
        "text": "of",
        "meta": "@sys.ignore",
        "userDefined": false
      },
      {
        "text": " the ",
        "userDefined": false
      },
      {
        "text": "last year",
        "alias": "date-time",
        "meta": "@sys.date-time",
        "userDefined": true
      },
      {
        "text": " reminders",
        "userDefined": false
      }
    ],
    "isTemplate": false,
    "count": 0,
    "updated": 1526126550
  },
  {
    "id": "8de4cc33-e46c-4d7c-82a1-8433211d3ef1",
    "data": [
      {
        "text": "show me past reminders for ",
        "userDefined": false
      },
      {
        "text": "last week",
        "alias": "date-time",
        "meta": "@sys.date-time",
        "userDefined": true
      }
    ],
    "isTemplate": false,
    "count": 0,
    "updated": 1526126550
  },
  {
    "id": "491a6428-d542-4641-a2c6-6aea9579eab0",
    "data": [
      {
        "text": "show me my past reminders about ",
        "userDefined": false
      },
      {
        "text": "yoga",
        "alias": "name",
        "meta": "@sys.any",
        "userDefined": true
      },
      {
        "text": " from ",
        "userDefined": false
      },
      {
        "text": "last week",
        "alias": "date-time",
        "meta": "@sys.date-time",
        "userDefined": false
      }
    ],
    "isTemplate": false,
    "count": 0,
    "updated": 1526126550
  },
  {
    "id": "45e62a7e-0ddd-4ab8-96c5-43ff164249f2",
    "data": [
      {
        "text": "past reminders",
        "userDefined": false
      }
    ],
    "isTemplate": false,
    "count": 0,
    "updated": 1526126550
  },
  {
    "id": "eb71d5e1-0763-4e65-a08e-60e3d0275256",
    "data": [
      {
        "text": "list ",
        "userDefined": false
      },
      {
        "text": "of",
        "meta": "@sys.ignore",
        "userDefined": true
      },
      {
        "text": " old reminders",
        "userDefined": false
      }
    ],
    "isTemplate": false,
    "count": 0,
    "updated": 1526126550
  }
]