[
  {
    "id": "d654c731-ec82-489d-b55c-72976507845d",
    "data": [
      {
        "text": "rename my reminder about ",
        "userDefined": false
      },
      {
        "text": "cats",
        "alias": "old-name",
        "meta": "@sys.any",
        "userDefined": false
      }
    ],
    "isTemplate": false,
    "count": 1,
    "updated": 0
  },
  {
    "id": "0eb917da-cb57-433a-a40c-7029c6c417b4",
    "data": [
      {
        "text": "change reminder titled ",
        "userDefined": false
      },
      {
        "text": "feed the dog",
        "alias": "old-name",
        "meta": "@sys.any",
        "userDefined": true
      },
      {
        "text": " to ",
        "userDefined": false
      },
      {
        "text": "cat\u0027s food",
        "alias": "name",
        "meta": "@sys.any",
        "userDefined": false
      }
    ],
    "isTemplate": false,
    "count": 0,
    "updated": 1508523751
  },
  {
    "id": "048c5ee5-c665-455a-a9f2-4c022c05a8c2",
    "data": [
      {
        "text": "please change name for the reminder",
        "userDefined": false
      }
    ],
    "isTemplate": false,
    "count": 0,
    "updated": 1508454207
  },
  {
    "id": "4068752e-06b6-4561-9a2d-42866ff7b0dc",
    "data": [
      {
        "text": "change name for reminder about ",
        "userDefined": false
      },
      {
        "text": "visiting my parents",
        "alias": "old-name",
        "meta": "@sys.any",
        "userDefined": false
      }
    ],
    "isTemplate": false,
    "count": 0,
    "updated": 1508523844
  },
  {
    "id": "0e403519-56cb-4e2a-a3ee-509b94ba6f75",
    "data": [
      {
        "text": "rename",
        "userDefined": false
      }
    ],
    "isTemplate": false,
    "count": 0,
    "updated": 1508454207
  },
  {
    "id": "44d80c1c-3f51-4343-8637-9be7f9eb04ec",
    "data": [
      {
        "text": "edit reminder with the title pills",
        "userDefined": false
      }
    ],
    "isTemplate": false,
    "count": 0,
    "updated": 1508523776
  },
  {
    "id": "91f31830-bcaf-441c-90dc-bfce8802497a",
    "data": [
      {
        "text": "I want ",
        "userDefined": false
      },
      {
        "text": "call",
        "meta": "@sys.ignore",
        "userDefined": false
      },
      {
        "text": " my reminder differently",
        "userDefined": false
      }
    ],
    "isTemplate": false,
    "count": 0,
    "updated": 1508454207
  },
  {
    "id": "5eed45dc-5cde-4cf6-b8f3-60b3928a5ca2",
    "data": [
      {
        "text": "reminder about ",
        "userDefined": false
      },
      {
        "text": "running",
        "alias": "old-name",
        "meta": "@sys.any",
        "userDefined": false
      },
      {
        "text": " should be renamed to ",
        "userDefined": false
      },
      {
        "text": "yoga",
        "alias": "name",
        "meta": "@sys.any",
        "userDefined": true
      }
    ],
    "isTemplate": false,
    "count": 0,
    "updated": 1508454379
  },
  {
    "id": "1167bed4-fdba-4702-a907-e4f036787999",
    "data": [
      {
        "text": "change the name of my reminder",
        "userDefined": false
      }
    ],
    "isTemplate": false,
    "count": 1,
    "updated": 1508454207
  },
  {
    "id": "013d71ab-afb9-43b1-9f6a-fcf983758df9",
    "data": [
      {
        "text": "rename reminder about ",
        "userDefined": false
      },
      {
        "text": "pills",
        "alias": "old-name",
        "meta": "@sys.any",
        "userDefined": false
      },
      {
        "text": " to ",
        "userDefined": false
      },
      {
        "text": "eat apples",
        "alias": "name",
        "meta": "@sys.any",
        "userDefined": true
      }
    ],
    "isTemplate": false,
    "count": 0,
    "updated": 1508523667
  },
  {
    "id": "f847c7bc-5050-4c34-96a8-19f7f7028c8d",
    "data": [
      {
        "text": "rename the reminder ",
        "userDefined": false
      },
      {
        "text": "wash my flat",
        "alias": "old-name",
        "meta": "@sys.any",
        "userDefined": true
      },
      {
        "text": " to ",
        "userDefined": false
      },
      {
        "text": "wash my car",
        "alias": "name",
        "meta": "@sys.any",
        "userDefined": false
      }
    ],
    "isTemplate": false,
    "count": 0,
    "updated": 1508524070
  },
  {
    "id": "e367b984-2d54-4e0c-8984-660ce18be173",
    "data": [
      {
        "text": "change reminder\u0027s title",
        "userDefined": false
      }
    ],
    "isTemplate": false,
    "count": 0,
    "updated": 1508523776
  },
  {
    "id": "a2a57f3e-090c-4b9b-ba28-05402262a88c",
    "data": [
      {
        "text": "rename reminder",
        "userDefined": false
      }
    ],
    "isTemplate": false,
    "count": 0,
    "updated": 1508454207
  },
  {
    "id": "a277ac6c-63d2-4b5c-b5ba-87bbf49599d1",
    "data": [
      {
        "text": "I don\u0027t like the name of this reminder",
        "userDefined": false
      }
    ],
    "isTemplate": false,
    "count": 0,
    "updated": 1508454207
  },
  {
    "id": "dafc43ee-2205-4e9e-80dd-e8f180960dc3",
    "data": [
      {
        "text": "rename my reminder",
        "userDefined": false
      }
    ],
    "isTemplate": false,
    "count": 0,
    "updated": 0
  },
  {
    "id": "c0a002ad-9692-4625-975e-e0ef6db1c238",
    "data": [
      {
        "text": "change the name",
        "userDefined": false
      }
    ],
    "isTemplate": false,
    "count": 0,
    "updated": 1508454207
  }
]