[
  {
    "id": "c49d7151-0f18-4ff5-8d39-7c2383254ba9",
    "data": [
      {
        "text": "no",
        "userDefined": false
      }
    ],
    "isTemplate": false,
    "count": 1,
    "updated": 1526302698
  },
  {
    "id": "8d45d96f-67f4-46e6-b8ee-84faa77b7a6d",
    "data": [
      {
        "text": "not interested",
        "userDefined": false
      }
    ],
    "isTemplate": false,
    "count": 0,
    "updated": 1526302698
  },
  {
    "id": "a8b9fbec-77b4-4869-9681-4367f8376529",
    "data": [
      {
        "text": "i never want to see them",
        "userDefined": false
      }
    ],
    "isTemplate": false,
    "count": 0,
    "updated": 1526302698
  },
  {
    "id": "030ea007-1e41-46f9-995c-7336c2ab1233",
    "data": [
      {
        "text": "no thanks",
        "userDefined": false
      }
    ],
    "isTemplate": false,
    "count": 0,
    "updated": 1526302698
  },
  {
    "id": "2ef098da-edd0-425a-8872-7a37243de10d",
    "data": [
      {
        "text": "i don\u0027t want",
        "userDefined": false
      }
    ],
    "isTemplate": false,
    "count": 0,
    "updated": 1526302698
  },
  {
    "id": "d63067b8-f682-4ec0-9675-7b8a10fdfe62",
    "data": [
      {
        "text": "never",
        "userDefined": false
      }
    ],
    "isTemplate": false,
    "count": 0,
    "updated": 1526302698
  },
  {
    "id": "cae32d71-4d3a-43a7-9085-d4653cac437a",
    "data": [
      {
        "text": "nope",
        "userDefined": false
      }
    ],
    "isTemplate": false,
    "count": 0,
    "updated": 1526302698
  }
]