[
  {
    "id": "26157394-61a1-49bb-9575-1fb57e62407c",
    "data": [
      {
        "text": "remind me ",
        "userDefined": false
      },
      {
        "text": "tomorrow",
        "alias": "date-time",
        "meta": "@sys.date-time",
        "userDefined": false
      }
    ],
    "isTemplate": false,
    "count": 0,
    "updated": 0
  },
  {
    "id": "501c4d16-c827-4a03-ad6e-ca6947111022",
    "data": [
      {
        "text": "snooze for ",
        "userDefined": false
      },
      {
        "text": "7 minutes",
        "alias": "date-time",
        "meta": "@sys.date-time",
        "userDefined": false
      }
    ],
    "isTemplate": false,
    "count": 0,
    "updated": 0
  },
  {
    "id": "e5a55a00-8312-4ea1-98c4-bf9b577a92cf",
    "data": [
      {
        "text": "remind me ",
        "userDefined": false
      },
      {
        "text": "in 2 hours",
        "alias": "date-time",
        "meta": "@sys.date-time",
        "userDefined": false
      },
      {
        "text": " please",
        "userDefined": false
      }
    ],
    "isTemplate": false,
    "count": 0,
    "updated": 0
  },
  {
    "id": "645b069a-d435-43cf-b6fc-cef4ba37bdd8",
    "data": [
      {
        "text": "snooze it",
        "userDefined": false
      }
    ],
    "isTemplate": false,
    "count": 0,
    "updated": 0
  },
  {
    "id": "b33d6406-91a6-4937-a96f-3a35ccd6da07",
    "data": [
      {
        "text": "reschedule my reminder",
        "userDefined": false
      }
    ],
    "isTemplate": false,
    "count": 0,
    "updated": 1508453970
  },
  {
    "id": "3998f35f-6afa-4e40-a627-3c6378a97f33",
    "data": [
      {
        "text": "move reminder",
        "userDefined": false
      }
    ],
    "isTemplate": false,
    "count": 0,
    "updated": 0
  },
  {
    "id": "74ffbcf8-a667-48ac-ae66-9b9a4a36907a",
    "data": [
      {
        "text": "reschedule it",
        "userDefined": false
      }
    ],
    "isTemplate": false,
    "count": 0,
    "updated": 1508453970
  },
  {
    "id": "b3790398-8399-4f36-b2cc-79ce1ad1cb07",
    "data": [
      {
        "text": "remind me later",
        "userDefined": false
      }
    ],
    "isTemplate": false,
    "count": 0,
    "updated": 0
  },
  {
    "id": "4f8b75f8-d993-451a-9b54-76d0278dde44",
    "data": [
      {
        "text": "snooze reminder",
        "userDefined": false
      }
    ],
    "isTemplate": false,
    "count": 0,
    "updated": 0
  },
  {
    "id": "21b2e6cb-e38b-4ea5-9008-22de0d918cce",
    "data": [
      {
        "text": "reschedule my reminder for ",
        "userDefined": false
      },
      {
        "text": "next Monday",
        "alias": "date-time",
        "meta": "@sys.date-time",
        "userDefined": false
      }
    ],
    "isTemplate": false,
    "count": 0,
    "updated": 1508453970
  },
  {
    "id": "56655b06-1195-40f0-9852-feb6165f8197",
    "data": [
      {
        "text": "snooze",
        "userDefined": false
      }
    ],
    "isTemplate": false,
    "count": 0,
    "updated": 0
  },
  {
    "id": "1fd7ca90-c45e-402a-9d2e-76ce82a744f5",
    "data": [
      {
        "text": "can you remind me about it ",
        "userDefined": false
      },
      {
        "text": "in 30 minutes",
        "alias": "date-time",
        "meta": "@sys.date-time",
        "userDefined": false
      }
    ],
    "isTemplate": false,
    "count": 0,
    "updated": 0
  }
]