[
  {
    "id": "c3419a0b-73e1-44a2-aeea-6805007a5358",
    "data": [
      {
        "text": "add reminder for ",
        "userDefined": false
      },
      {
        "text": "tomorrow 3pm",
        "alias": "date-time",
        "meta": "@sys.date-time",
        "userDefined": true
      }
    ],
    "isTemplate": false,
    "count": 0,
    "updated": 1526621105
  },
  {
    "id": "ebd188a1-d69c-4adc-a464-0fd46c3ea2e0",
    "data": [
      {
        "text": "I would like to set up a reminder",
        "userDefined": false
      }
    ],
    "isTemplate": false,
    "count": 0,
    "updated": 1526621105
  },
  {
    "id": "863423e7-af29-4c0a-941f-d9c8c8229a20",
    "data": [
      {
        "text": "can you set a reminder for me",
        "userDefined": false
      }
    ],
    "isTemplate": false,
    "count": 0,
    "updated": 1526621105
  },
  {
    "id": "7bbc6c34-ac43-424a-887f-b46d39dbd3f5",
    "data": [
      {
        "text": "remind me ",
        "userDefined": false
      },
      {
        "text": "nutrition research",
        "alias": "name",
        "meta": "@sys.any",
        "userDefined": true
      },
      {
        "text": " ",
        "userDefined": false
      },
      {
        "text": "tomorrow at 8am",
        "alias": "date-time",
        "meta": "@sys.date-time",
        "userDefined": true
      }
    ],
    "isTemplate": false,
    "count": 0,
    "updated": 1526621105
  },
  {
    "id": "5bc34616-620d-42e3-be08-23ab5117a7d0",
    "data": [
      {
        "text": "can I make a reminder",
        "userDefined": false
      }
    ],
    "isTemplate": false,
    "count": 0,
    "updated": 1526621105
  },
  {
    "id": "fcfa26d3-dc7b-41c9-898a-86aa538b3719",
    "data": [
      {
        "text": "remind me ",
        "userDefined": false
      },
      {
        "text": "tomorrow",
        "alias": "date-time",
        "meta": "@sys.date-time",
        "userDefined": true
      }
    ],
    "isTemplate": false,
    "count": 0,
    "updated": 1526621105
  },
  {
    "id": "a74878d6-e43e-4242-b2f0-80ca4d062e6e",
    "data": [
      {
        "text": "I need you to remind me something",
        "userDefined": false
      }
    ],
    "isTemplate": false,
    "count": 0,
    "updated": 1526621105
  },
  {
    "id": "7697b145-d718-4db5-9736-1b5c7aa5c87c",
    "data": [
      {
        "text": "can you remind",
        "userDefined": false
      }
    ],
    "isTemplate": false,
    "count": 0,
    "updated": 1526621105
  },
  {
    "id": "ae9a163c-2357-4b65-b737-f2f050aa074c",
    "data": [
      {
        "text": "remind me to ",
        "userDefined": false
      },
      {
        "text": "study",
        "alias": "name",
        "meta": "@sys.any",
        "userDefined": true
      },
      {
        "text": " ",
        "userDefined": false
      },
      {
        "text": "tomorrow",
        "alias": "date-time",
        "meta": "@sys.date-time",
        "userDefined": true
      }
    ],
    "isTemplate": false,
    "count": 0,
    "updated": 1526621105
  },
  {
    "id": "873eabb1-763e-47c8-b549-11ecb2a8cbd8",
    "data": [
      {
        "text": "set reminder for ",
        "userDefined": false
      },
      {
        "text": "tomorrow morning",
        "alias": "date-time",
        "meta": "@sys.date-time",
        "userDefined": true
      }
    ],
    "isTemplate": false,
    "count": 0,
    "updated": 1526621105
  },
  {
    "id": "117ef0c9-34c8-4390-bd62-141e37cf187c",
    "data": [
      {
        "text": "remind me",
        "userDefined": false
      }
    ],
    "isTemplate": false,
    "count": 0,
    "updated": 1526621105
  },
  {
    "id": "6251fd41-0934-4c0b-8c28-b2c7b1a5fd14",
    "data": [
      {
        "text": "remind me to ",
        "userDefined": false
      },
      {
        "text": "go to sleep",
        "alias": "name",
        "meta": "@sys.any",
        "userDefined": true
      }
    ],
    "isTemplate": false,
    "count": 0,
    "updated": 1526621105
  },
  {
    "id": "db01ac51-b319-452f-9419-c7d6f8beef78",
    "data": [
      {
        "text": "remind me about ",
        "userDefined": false
      },
      {
        "text": "dinner",
        "alias": "name",
        "meta": "@sys.any",
        "userDefined": true
      },
      {
        "text": " ",
        "userDefined": false
      },
      {
        "text": "in 1hour",
        "alias": "date-time",
        "meta": "@sys.date-time",
        "userDefined": true
      }
    ],
    "isTemplate": false,
    "count": 0,
    "updated": 1526621105
  },
  {
    "id": "aea2e426-6beb-41d2-b320-894618281082",
    "data": [
      {
        "text": "I need a reminder ",
        "userDefined": false
      },
      {
        "text": "tomorrow",
        "alias": "date-time",
        "meta": "@sys.date-time",
        "userDefined": true
      }
    ],
    "isTemplate": false,
    "count": 0,
    "updated": 1526621105
  },
  {
    "id": "9b526f62-0c21-4028-99e7-994b6f6ebfc2",
    "data": [
      {
        "text": "set reminder for ",
        "userDefined": false
      },
      {
        "text": "7 am tomorrow",
        "alias": "date-time",
        "meta": "@sys.date-time",
        "userDefined": true
      },
      {
        "text": " ",
        "userDefined": false
      },
      {
        "text": "yoga",
        "alias": "name",
        "meta": "@sys.any",
        "userDefined": true
      }
    ],
    "isTemplate": false,
    "count": 0,
    "updated": 1526621105
  },
  {
    "id": "ea6c4690-fd51-46ef-88e1-79a4179eef16",
    "data": [
      {
        "text": "make another reminder",
        "userDefined": false
      }
    ],
    "isTemplate": false,
    "count": 0,
    "updated": 1526621105
  },
  {
    "id": "c76bd586-fc7f-4c83-8899-419a08fe3a87",
    "data": [
      {
        "text": "not now remind me later",
        "userDefined": false
      }
    ],
    "isTemplate": false,
    "count": 0,
    "updated": 1526621105
  },
  {
    "id": "35946e0f-7106-4153-b931-6b4d25488fbf",
    "data": [
      {
        "text": "remind me to ",
        "userDefined": false
      },
      {
        "text": "wake up",
        "alias": "name",
        "meta": "@sys.any",
        "userDefined": true
      },
      {
        "text": " at ",
        "userDefined": false
      },
      {
        "text": "6 am",
        "alias": "date-time",
        "meta": "@sys.date-time",
        "userDefined": true
      }
    ],
    "isTemplate": false,
    "count": 0,
    "updated": 1526621105
  },
  {
    "id": "d491ce18-ffeb-423d-afe0-f70fe248c11e",
    "data": [
      {
        "text": "remind about ",
        "userDefined": false
      },
      {
        "text": "party",
        "alias": "name",
        "meta": "@sys.any",
        "userDefined": true
      },
      {
        "text": " at ",
        "userDefined": false
      },
      {
        "text": "12 pm on Friday",
        "alias": "date-time",
        "meta": "@sys.date-time",
        "userDefined": true
      }
    ],
    "isTemplate": false,
    "count": 0,
    "updated": 1526621105
  },
  {
    "id": "9561752d-acba-400a-9be2-03200b40d082",
    "data": [
      {
        "text": "please set reminder",
        "userDefined": false
      }
    ],
    "isTemplate": false,
    "count": 0,
    "updated": 1526621105
  },
  {
    "id": "870a995d-46c1-4f4c-9f88-3604673c555a",
    "data": [
      {
        "text": "remind me ",
        "userDefined": false
      },
      {
        "text": "tomorrow at 9 am",
        "alias": "date-time",
        "meta": "@sys.date-time",
        "userDefined": true
      }
    ],
    "isTemplate": false,
    "count": 0,
    "updated": 1526621105
  },
  {
    "id": "0d398a6a-7fa5-4134-ad92-1125e41e1af2",
    "data": [
      {
        "text": "can you do a reminder for me",
        "userDefined": false
      }
    ],
    "isTemplate": false,
    "count": 0,
    "updated": 1526621105
  },
  {
    "id": "0f3ba9b5-c3f2-499f-9cff-feb2b49411f8",
    "data": [
      {
        "text": "remind me to ",
        "userDefined": false
      },
      {
        "text": "check my computer",
        "alias": "name",
        "meta": "@sys.any",
        "userDefined": true
      }
    ],
    "isTemplate": false,
    "count": 0,
    "updated": 1526621105
  },
  {
    "id": "616ad757-90a2-4d23-a81e-a584dcaf0ae5",
    "data": [
      {
        "text": "set a reminder ",
        "userDefined": false
      },
      {
        "text": "for 1 hour",
        "alias": "date-time",
        "meta": "@sys.date-time",
        "userDefined": true
      }
    ],
    "isTemplate": false,
    "count": 0,
    "updated": 1526621105
  },
  {
    "id": "8450eaaf-07cf-4ef9-a266-dec7110a4eba",
    "data": [
      {
        "text": "set the reminder",
        "userDefined": false
      }
    ],
    "isTemplate": false,
    "count": 0,
    "updated": 1526621105
  },
  {
    "id": "18e50b22-dd8e-415c-b49a-f61820dafff0",
    "data": [
      {
        "text": "remind me to ",
        "userDefined": false
      },
      {
        "text": "go to bed",
        "alias": "name",
        "meta": "@sys.any",
        "userDefined": true
      },
      {
        "text": " ",
        "userDefined": false
      },
      {
        "text": "in 5 minutes",
        "alias": "date-time",
        "meta": "@sys.date-time",
        "userDefined": true
      }
    ],
    "isTemplate": false,
    "count": 1,
    "updated": 1526621105
  },
  {
    "id": "2597fcb8-f23b-49b2-916b-347d667190f7",
    "data": [
      {
        "text": "new reminder please",
        "userDefined": false
      }
    ],
    "isTemplate": false,
    "count": 0,
    "updated": 1526621105
  },
  {
    "id": "3d282b5e-7ea6-42d8-94e1-fa36a152e414",
    "data": [
      {
        "text": "can you remind me",
        "userDefined": false
      }
    ],
    "isTemplate": false,
    "count": 0,
    "updated": 1526621105
  },
  {
    "id": "ea262093-994b-41d1-828f-5c6e10262bae",
    "data": [
      {
        "text": "remind me ",
        "userDefined": false
      },
      {
        "text": "tomorrow 6pm",
        "alias": "date-time",
        "meta": "@sys.date-time",
        "userDefined": false
      },
      {
        "text": " I have to go meeting",
        "userDefined": false
      }
    ],
    "isTemplate": false,
    "count": 0,
    "updated": 1526621105
  },
  {
    "id": "82d8c8da-2e6a-4c3b-a9d7-d275a6603a74",
    "data": [
      {
        "text": "can you remind me to",
        "userDefined": false
      }
    ],
    "isTemplate": false,
    "count": 0,
    "updated": 1526621105
  },
  {
    "id": "30abfd46-3714-4bc5-89fd-a1421073496c",
    "data": [
      {
        "text": "remind me ",
        "userDefined": false
      },
      {
        "text": "on",
        "meta": "@sys.ignore",
        "userDefined": true
      }
    ],
    "isTemplate": false,
    "count": 0,
    "updated": 1526621105
  },
  {
    "id": "7f95d8a6-7544-4c72-880b-27b72f1a167d",
    "data": [
      {
        "text": "remind me ",
        "userDefined": false
      },
      {
        "text": "Friday",
        "alias": "date-time",
        "meta": "@sys.date-time",
        "userDefined": true
      }
    ],
    "isTemplate": false,
    "count": 0,
    "updated": 1526621105
  },
  {
    "id": "22f7fc0b-cdac-4c2c-babb-b354a3860589",
    "data": [
      {
        "text": "please remind me to ",
        "userDefined": false
      },
      {
        "text": "call",
        "alias": "name",
        "meta": "@sys.any",
        "userDefined": true
      }
    ],
    "isTemplate": false,
    "count": 0,
    "updated": 1526621105
  },
  {
    "id": "955b41c2-1ac9-4aab-ab39-fb8c3e9cf29b",
    "data": [
      {
        "text": "I need to set another reminder",
        "userDefined": false
      }
    ],
    "isTemplate": false,
    "count": 0,
    "updated": 1526621105
  },
  {
    "id": "849b5a17-0143-4308-b33c-cf20a3728fe1",
    "data": [
      {
        "text": "can you set reminder",
        "userDefined": false
      }
    ],
    "isTemplate": false,
    "count": 0,
    "updated": 1526621105
  },
  {
    "id": "6a884c48-48f6-42cb-ba84-1e63c6fd7eee",
    "data": [
      {
        "text": "remind me to ",
        "userDefined": false
      },
      {
        "text": "have a dinner",
        "alias": "name",
        "meta": "@sys.any",
        "userDefined": true
      },
      {
        "text": " ",
        "userDefined": false
      },
      {
        "text": "every sunday",
        "alias": "recurrence",
        "meta": "@recurrence",
        "userDefined": true
      },
      {
        "text": " at ",
        "userDefined": false
      },
      {
        "text": "8 am",
        "alias": "date-time",
        "meta": "@sys.date-time",
        "userDefined": true
      }
    ],
    "isTemplate": false,
    "count": 0,
    "updated": 1526621105
  },
  {
    "id": "0747b573-6f97-4779-b50f-a8e222e72997",
    "data": [
      {
        "text": "sam",
        "meta": "@sys.ignore",
        "userDefined": true
      },
      {
        "text": " I need a reminder",
        "userDefined": false
      }
    ],
    "isTemplate": false,
    "count": 0,
    "updated": 1526621105
  },
  {
    "id": "74693664-8193-49ce-a155-94218674a754",
    "data": [
      {
        "text": "add reminder with title ",
        "userDefined": false
      },
      {
        "text": "washing car",
        "alias": "name",
        "meta": "@sys.any",
        "userDefined": true
      }
    ],
    "isTemplate": false,
    "count": 0,
    "updated": 1526621105
  },
  {
    "id": "f97a7fa2-04e1-41e3-9cf0-5371bf7014df",
    "data": [
      {
        "text": "remind me ",
        "userDefined": false
      },
      {
        "text": "tomorrow",
        "alias": "date-time",
        "meta": "@sys.date-time",
        "userDefined": true
      },
      {
        "text": " to ",
        "userDefined": false
      },
      {
        "text": "call",
        "alias": "name",
        "meta": "@sys.any",
        "userDefined": true
      }
    ],
    "isTemplate": false,
    "count": 0,
    "updated": 1526621105
  },
  {
    "id": "c4440e7a-5ce9-4173-b833-c4ba42a2ebf6",
    "data": [
      {
        "text": "remind me to ",
        "userDefined": false
      },
      {
        "text": "pay my credit card bill",
        "alias": "name",
        "meta": "@sys.any",
        "userDefined": true
      }
    ],
    "isTemplate": false,
    "count": 0,
    "updated": 1526621105
  },
  {
    "id": "5335f8a5-adac-41fc-8e38-6e8871e5ad07",
    "data": [
      {
        "text": "I need to add a reminder",
        "userDefined": false
      }
    ],
    "isTemplate": false,
    "count": 0,
    "updated": 1526621105
  },
  {
    "id": "252c91df-970f-4a3b-8c76-fba86762fca3",
    "data": [
      {
        "text": "add new reminder",
        "userDefined": false
      }
    ],
    "isTemplate": false,
    "count": 0,
    "updated": 1526621105
  },
  {
    "id": "f543d1e3-0cf3-4c40-a763-3a27ead503b3",
    "data": [
      {
        "text": "remind me to ",
        "userDefined": false
      },
      {
        "text": "get my ticket",
        "alias": "name",
        "meta": "@sys.any",
        "userDefined": true
      },
      {
        "text": " ",
        "userDefined": false
      },
      {
        "text": "tomorrow morning",
        "alias": "date-time",
        "meta": "@sys.date-time",
        "userDefined": true
      }
    ],
    "isTemplate": false,
    "count": 0,
    "updated": 1526621105
  },
  {
    "id": "48eb35c9-19a0-460a-957b-95fd3858b7ae",
    "data": [
      {
        "text": "please remind me ",
        "userDefined": false
      },
      {
        "text": "to sell mobile",
        "alias": "name",
        "meta": "@sys.any",
        "userDefined": true
      },
      {
        "text": " on ",
        "userDefined": false
      },
      {
        "text": "tomorrow 4pm",
        "alias": "date-time",
        "meta": "@sys.date-time",
        "userDefined": true
      }
    ],
    "isTemplate": false,
    "count": 0,
    "updated": 1526621105
  },
  {
    "id": "c9711d02-1eba-40b8-88c6-f54eba42d786",
    "data": [
      {
        "text": "I need you to set a reminder for me",
        "userDefined": false
      }
    ],
    "isTemplate": false,
    "count": 0,
    "updated": 1526621105
  },
  {
    "id": "b0eda2b8-9354-4f96-abfb-b3de20a551e2",
    "data": [
      {
        "text": "remind me later",
        "userDefined": false
      }
    ],
    "isTemplate": false,
    "count": 0,
    "updated": 1526621105
  },
  {
    "id": "4bbafcb0-2659-4d82-9fef-f26093e41bc9",
    "data": [
      {
        "text": "schedule reminders",
        "userDefined": false
      }
    ],
    "isTemplate": false,
    "count": 0,
    "updated": 1526621105
  },
  {
    "id": "f6c8e0a6-2020-4b5d-87b4-e98e5dd74f8b",
    "data": [
      {
        "text": "remind me at",
        "userDefined": false
      }
    ],
    "isTemplate": false,
    "count": 0,
    "updated": 1526621105
  },
  {
    "id": "1ceee831-c7a8-4c92-888c-b62f7ad3f73e",
    "data": [
      {
        "text": "remind me to ",
        "userDefined": false
      },
      {
        "text": "wash the car",
        "alias": "name",
        "meta": "@sys.any",
        "userDefined": true
      },
      {
        "text": " ",
        "userDefined": false
      },
      {
        "text": "in 4 hours",
        "alias": "date-time",
        "meta": "@sys.date-time",
        "userDefined": true
      }
    ],
    "isTemplate": false,
    "count": 0,
    "updated": 1526621105
  },
  {
    "id": "de6cd84e-3b94-4886-b9e2-ca0052686d80",
    "data": [
      {
        "text": "remind me I have a ",
        "userDefined": false
      },
      {
        "text": "meeting",
        "alias": "name",
        "meta": "@sys.any",
        "userDefined": true
      }
    ],
    "isTemplate": false,
    "count": 0,
    "updated": 1526621105
  },
  {
    "id": "a8481a9f-b709-4088-8f73-f0af54c5a37e",
    "data": [
      {
        "text": "remind me about ",
        "userDefined": false
      },
      {
        "text": "exams",
        "alias": "name",
        "meta": "@sys.any",
        "userDefined": true
      },
      {
        "text": " ",
        "userDefined": false
      },
      {
        "text": "every Friday",
        "alias": "recurrence",
        "meta": "@recurrence",
        "userDefined": true
      },
      {
        "text": " at ",
        "userDefined": false
      },
      {
        "text": "7 pm",
        "alias": "date-time",
        "meta": "@sys.date-time",
        "userDefined": true
      }
    ],
    "isTemplate": false,
    "count": 0,
    "updated": 1526621105
  },
  {
    "id": "109eee24-09bb-41f3-a3b5-0673c404c7f8",
    "data": [
      {
        "text": "I want you to remind me something",
        "userDefined": false
      }
    ],
    "isTemplate": false,
    "count": 0,
    "updated": 1526621105
  },
  {
    "id": "5a002d65-14a9-4839-9ab4-881992f2443e",
    "data": [
      {
        "text": "please make a reminder",
        "userDefined": false
      }
    ],
    "isTemplate": false,
    "count": 0,
    "updated": 1526621105
  },
  {
    "id": "49bf2b76-3fd5-4cce-a201-69f976bbf2ed",
    "data": [
      {
        "text": "remind me to ",
        "userDefined": false
      },
      {
        "text": "turn the lights on",
        "alias": "name",
        "meta": "@sys.any",
        "userDefined": true
      },
      {
        "text": " at ",
        "userDefined": false
      },
      {
        "text": "8 pm",
        "alias": "date-time",
        "meta": "@sys.date-time",
        "userDefined": true
      }
    ],
    "isTemplate": false,
    "count": 0,
    "updated": 1526621105
  },
  {
    "id": "8527400c-53dd-4385-b423-33677309215c",
    "data": [
      {
        "text": "remind me to ",
        "userDefined": false
      },
      {
        "text": "take medicine",
        "alias": "name",
        "meta": "@sys.any",
        "userDefined": true
      }
    ],
    "isTemplate": false,
    "count": 0,
    "updated": 1526621105
  },
  {
    "id": "fc26fc6d-40d0-4c21-afd4-70cd283f3c2f",
    "data": [
      {
        "text": "set reminder about ",
        "userDefined": false
      },
      {
        "text": "dog walking",
        "alias": "name",
        "meta": "@sys.any",
        "userDefined": true
      },
      {
        "text": " repeat it ",
        "userDefined": false
      },
      {
        "text": "every day",
        "alias": "recurrence",
        "meta": "@recurrence",
        "userDefined": true
      },
      {
        "text": " at ",
        "userDefined": false
      },
      {
        "text": "9 am",
        "alias": "date-time",
        "meta": "@sys.date-time",
        "userDefined": true
      }
    ],
    "isTemplate": false,
    "count": 0,
    "updated": 1526621105
  },
  {
    "id": "7a3aa70a-2ab4-4bb2-9d03-472f041c6c5d",
    "data": [
      {
        "text": "can you add a reminder",
        "userDefined": false
      }
    ],
    "isTemplate": false,
    "count": 0,
    "updated": 1526621105
  },
  {
    "id": "14a9e3f2-bd25-41ff-ac96-d010f7a5b3d5",
    "data": [
      {
        "text": "set a reminder for ",
        "userDefined": false
      },
      {
        "text": "tomorrow 9pm",
        "alias": "date-time",
        "meta": "@sys.date-time",
        "userDefined": false
      }
    ],
    "isTemplate": false,
    "count": 0,
    "updated": 1526621105
  },
  {
    "id": "669b1953-3f93-4057-b2ad-b9bec66165b6",
    "data": [
      {
        "text": "remind me ",
        "userDefined": false
      },
      {
        "text": "from monday till wednesday",
        "alias": "date-time",
        "meta": "@sys.date-time",
        "userDefined": true
      }
    ],
    "isTemplate": false,
    "count": 0,
    "updated": 1526621105
  },
  {
    "id": "5e475318-6ea5-4a18-8d7c-628b39551f60",
    "data": [
      {
        "text": "schedule reminder",
        "userDefined": false
      }
    ],
    "isTemplate": false,
    "count": 0,
    "updated": 1526621105
  },
  {
    "id": "05356dbe-d834-439c-9f9b-18c1e16e71c2",
    "data": [
      {
        "text": "add a new reminder",
        "userDefined": false
      }
    ],
    "isTemplate": false,
    "count": 0,
    "updated": 1526621105
  },
  {
    "id": "a5074c6b-f8f4-4f35-af4b-f5ff99395c7c",
    "data": [
      {
        "text": "can you remind me to ",
        "userDefined": false
      },
      {
        "text": "call",
        "alias": "name",
        "meta": "@sys.any",
        "userDefined": true
      }
    ],
    "isTemplate": false,
    "count": 0,
    "updated": 1526621105
  },
  {
    "id": "d071af6a-9d17-46ee-80ed-f39db65798bd",
    "data": [
      {
        "text": "I would like to set a reminder",
        "userDefined": false
      }
    ],
    "isTemplate": false,
    "count": 0,
    "updated": 1526621105
  },
  {
    "id": "f19dd5b1-8909-4ff7-b9b8-b858562f7fcb",
    "data": [
      {
        "text": "set new reminder",
        "userDefined": false
      }
    ],
    "isTemplate": false,
    "count": 0,
    "updated": 1526621105
  },
  {
    "id": "ea7a5a75-010a-4579-98f2-67f8dadffbab",
    "data": [
      {
        "text": "reminder for me",
        "userDefined": false
      }
    ],
    "isTemplate": false,
    "count": 0,
    "updated": 1526621105
  },
  {
    "id": "6cc77f75-5e6e-4b90-b508-3201f87bf530",
    "data": [
      {
        "text": "remind me ",
        "userDefined": false
      },
      {
        "text": "on weekdays",
        "alias": "recurrence",
        "meta": "@recurrence",
        "userDefined": true
      }
    ],
    "isTemplate": false,
    "count": 0,
    "updated": 1526621105
  },
  {
    "id": "9f273f15-e74a-47ab-b368-12061ac6cf10",
    "data": [
      {
        "text": "remind me to ",
        "userDefined": false
      },
      {
        "text": "wake up",
        "alias": "name",
        "meta": "@sys.any",
        "userDefined": true
      },
      {
        "text": " ",
        "userDefined": false
      },
      {
        "text": "tomorrow",
        "alias": "date-time",
        "meta": "@sys.date-time",
        "userDefined": true
      }
    ],
    "isTemplate": false,
    "count": 0,
    "updated": 1526621105
  },
  {
    "id": "959796bb-ca76-488a-9258-d6cfdc4b8287",
    "data": [
      {
        "text": "remind me of a ",
        "userDefined": false
      },
      {
        "text": "meeting",
        "alias": "name",
        "meta": "@sys.any",
        "userDefined": true
      },
      {
        "text": " on the ",
        "userDefined": false
      },
      {
        "text": "27th of August",
        "alias": "date-time",
        "meta": "@sys.date-time",
        "userDefined": true
      }
    ],
    "isTemplate": false,
    "count": 0,
    "updated": 1526621105
  },
  {
    "id": "bad8d1c6-246c-46a3-8bb9-f1dcd32d21be",
    "data": [
      {
        "text": "reminder ",
        "userDefined": false
      },
      {
        "text": "for today",
        "alias": "date-time",
        "meta": "@sys.date-time",
        "userDefined": true
      }
    ],
    "isTemplate": false,
    "count": 0,
    "updated": 1526621105
  },
  {
    "id": "ede43d7a-b6dd-467a-8d79-bb8366749aa6",
    "data": [
      {
        "text": "I need a reminder",
        "userDefined": false
      }
    ],
    "isTemplate": false,
    "count": 0,
    "updated": 1526621105
  },
  {
    "id": "a5d7137c-7cb1-4b33-819b-0c04296bb5b6",
    "data": [
      {
        "text": "remind me to ",
        "userDefined": false
      },
      {
        "text": "pick up Joe",
        "alias": "name",
        "meta": "@sys.any",
        "userDefined": true
      },
      {
        "text": " ",
        "userDefined": false
      },
      {
        "text": "in 30 minutes",
        "alias": "date-time",
        "meta": "@sys.date-time",
        "userDefined": true
      }
    ],
    "isTemplate": false,
    "count": 0,
    "updated": 1526621105
  },
  {
    "id": "9d71262e-3048-4b4b-a7af-4ba3047fbb85",
    "data": [
      {
        "text": "can you make a reminder",
        "userDefined": false
      }
    ],
    "isTemplate": false,
    "count": 0,
    "updated": 1526621105
  },
  {
    "id": "9140e2e4-dc22-4c0c-b972-5b7621e931c0",
    "data": [
      {
        "text": "remind me to ",
        "userDefined": false
      },
      {
        "text": "see the table",
        "alias": "name",
        "meta": "@sys.any",
        "userDefined": true
      },
      {
        "text": " ",
        "userDefined": false
      },
      {
        "text": "in 5 minutes",
        "alias": "date-time",
        "meta": "@sys.date-time",
        "userDefined": true
      }
    ],
    "isTemplate": false,
    "count": 0,
    "updated": 1526621105
  },
  {
    "id": "4e883a32-8f08-4c07-ba8d-1878e1624bda",
    "data": [
      {
        "text": "remind me to",
        "userDefined": false
      }
    ],
    "isTemplate": false,
    "count": 0,
    "updated": 1526621105
  },
  {
    "id": "526c549c-51b2-43dc-9696-7bcb08186092",
    "data": [
      {
        "text": "set my reminders",
        "userDefined": false
      }
    ],
    "isTemplate": false,
    "count": 0,
    "updated": 1526621105
  },
  {
    "id": "bf0c8795-5b28-4424-a0fd-45a77d7470dc",
    "data": [
      {
        "text": "remind ",
        "userDefined": false
      },
      {
        "text": "about",
        "meta": "@sys.ignore",
        "userDefined": false
      },
      {
        "text": " ",
        "userDefined": false
      },
      {
        "text": "holidays one day before",
        "alias": "name",
        "meta": "@sys.any",
        "userDefined": true
      }
    ],
    "isTemplate": false,
    "count": 0,
    "updated": 1526621105
  },
  {
    "id": "19284c24-f14e-4191-9f15-17fdc9707f10",
    "data": [
      {
        "text": "remind ",
        "userDefined": false
      },
      {
        "text": "me",
        "meta": "@sys.ignore",
        "userDefined": true
      },
      {
        "text": " ",
        "userDefined": false
      },
      {
        "text": "about",
        "meta": "@sys.ignore",
        "userDefined": true
      },
      {
        "text": " the ",
        "userDefined": false
      },
      {
        "text": "parent/teacher meeting",
        "alias": "name",
        "meta": "@sys.any",
        "userDefined": true
      },
      {
        "text": " on ",
        "userDefined": false
      },
      {
        "text": "Friday",
        "alias": "date-time",
        "meta": "@sys.date-time",
        "userDefined": true
      }
    ],
    "isTemplate": false,
    "count": 0,
    "updated": 1526621105
  },
  {
    "id": "de8c55cc-12c8-4a2b-8bdf-cf1c4ba1b086",
    "data": [
      {
        "text": "remind me ",
        "userDefined": false
      },
      {
        "text": "today",
        "alias": "date-time",
        "meta": "@sys.date-time",
        "userDefined": true
      }
    ],
    "isTemplate": false,
    "count": 0,
    "updated": 1526621105
  },
  {
    "id": "673c8a11-3e20-4a66-90eb-8760c6905ded",
    "data": [
      {
        "text": "reminder for ",
        "userDefined": false
      },
      {
        "text": "today",
        "alias": "date-time",
        "meta": "@sys.date-time",
        "userDefined": true
      }
    ],
    "isTemplate": false,
    "count": 0,
    "updated": 1526621105
  },
  {
    "id": "a2def7af-6398-4503-b6c0-1fadbf54cb53",
    "data": [
      {
        "text": "new reminder ",
        "userDefined": false
      },
      {
        "text": "eat an apple",
        "alias": "name",
        "meta": "@sys.any",
        "userDefined": true
      },
      {
        "text": " ",
        "userDefined": false
      },
      {
        "text": "every day",
        "alias": "recurrence",
        "meta": "@recurrence",
        "userDefined": true
      },
      {
        "text": " at ",
        "userDefined": false
      },
      {
        "text": "9 am",
        "alias": "date-time",
        "meta": "@sys.date-time",
        "userDefined": true
      }
    ],
    "isTemplate": false,
    "count": 0,
    "updated": 1526621105
  },
  {
    "id": "14fce29d-87f2-4a33-9b00-b67bac3cd7aa",
    "data": [
      {
        "text": "set reminder about ",
        "userDefined": false
      },
      {
        "text": "washing car",
        "alias": "name",
        "meta": "@sys.any",
        "userDefined": true
      }
    ],
    "isTemplate": false,
    "count": 0,
    "updated": 1526621105
  },
  {
    "id": "8277def0-26b9-489e-9c77-40cb135433e3",
    "data": [
      {
        "text": "remind me about something",
        "userDefined": false
      }
    ],
    "isTemplate": false,
    "count": 0,
    "updated": 1526621105
  },
  {
    "id": "46863c96-a71c-48c1-909a-11959eb909db",
    "data": [
      {
        "text": "can you remind me ",
        "userDefined": false
      },
      {
        "text": "of",
        "meta": "@sys.ignore",
        "userDefined": true
      },
      {
        "text": " an ",
        "userDefined": false
      },
      {
        "text": "appointment",
        "alias": "name",
        "meta": "@sys.any",
        "userDefined": true
      }
    ],
    "isTemplate": false,
    "count": 0,
    "updated": 1526621105
  },
  {
    "id": "ca598919-e8ab-4d99-8d28-cc2998dd9fa0",
    "data": [
      {
        "text": "I\u0027d like to set a reminder",
        "userDefined": false
      }
    ],
    "isTemplate": false,
    "count": 1,
    "updated": 1526621105
  },
  {
    "id": "6c6ee98c-373f-4fe7-979d-30b08e31edea",
    "data": [
      {
        "text": "add reminder for me",
        "userDefined": false
      }
    ],
    "isTemplate": false,
    "count": 0,
    "updated": 1526621105
  },
  {
    "id": "c2b1a73c-f4e7-4c49-b2d7-3e24d6b63a36",
    "data": [
      {
        "text": "remind me to ",
        "userDefined": false
      },
      {
        "text": "vitamin D",
        "alias": "name",
        "meta": "@sys.any",
        "userDefined": true
      },
      {
        "text": " at ",
        "userDefined": false
      },
      {
        "text": "7 pm",
        "alias": "date-time",
        "meta": "@sys.date-time",
        "userDefined": true
      },
      {
        "text": " ",
        "userDefined": false
      },
      {
        "text": "every day",
        "alias": "recurrence",
        "meta": "@recurrence",
        "userDefined": true
      }
    ],
    "isTemplate": false,
    "count": 0,
    "updated": 1526621105
  },
  {
    "id": "9dd7fbb1-8bf4-41bb-8321-932519760617",
    "data": [
      {
        "text": "remind me about ",
        "userDefined": false
      },
      {
        "text": "dinner",
        "alias": "name",
        "meta": "@sys.any",
        "userDefined": true
      },
      {
        "text": " at ",
        "userDefined": false
      },
      {
        "text": "15.23",
        "alias": "date-time",
        "meta": "@sys.date-time",
        "userDefined": true
      }
    ],
    "isTemplate": false,
    "count": 0,
    "updated": 1526621105
  },
  {
    "id": "c637070c-b80a-4cc5-89e7-b6e1937db91e",
    "data": [
      {
        "text": "can you set reminders",
        "userDefined": false
      }
    ],
    "isTemplate": false,
    "count": 0,
    "updated": 1526621105
  },
  {
    "id": "bd12f0c9-8ac3-4db4-92d1-2c8ccaf6de6d",
    "data": [
      {
        "text": "new reminder for ",
        "userDefined": false
      },
      {
        "text": "every day",
        "alias": "recurrence",
        "meta": "@recurrence",
        "userDefined": true
      }
    ],
    "isTemplate": false,
    "count": 0,
    "updated": 1526621105
  },
  {
    "id": "53ca396e-03fe-4da7-b0e9-e5cf6ee8b25c",
    "data": [
      {
        "text": "setup a reminder",
        "userDefined": false
      }
    ],
    "isTemplate": false,
    "count": 0,
    "updated": 1526621105
  },
  {
    "id": "7209badb-5016-406a-9271-ed3a2d3d5386",
    "data": [
      {
        "text": "reminder to ",
        "userDefined": false
      },
      {
        "text": "play with my cat",
        "alias": "name",
        "meta": "@sys.any",
        "userDefined": true
      },
      {
        "text": " ",
        "userDefined": false
      },
      {
        "text": "every workday",
        "alias": "recurrence",
        "meta": "@recurrence",
        "userDefined": true
      },
      {
        "text": " at ",
        "userDefined": false
      },
      {
        "text": "7 pm",
        "alias": "date-time",
        "meta": "@sys.date-time",
        "userDefined": true
      }
    ],
    "isTemplate": false,
    "count": 0,
    "updated": 1526621105
  },
  {
    "id": "c4ac6d3d-95cd-43af-be7d-d5df3f5ce945",
    "data": [
      {
        "text": "will",
        "meta": "@sys.ignore",
        "userDefined": true
      },
      {
        "text": " you set a reminder for me",
        "userDefined": false
      }
    ],
    "isTemplate": false,
    "count": 0,
    "updated": 1526621105
  },
  {
    "id": "437b3543-6373-480f-b303-311b1bef4212",
    "data": [
      {
        "text": "could you remind me",
        "userDefined": false
      }
    ],
    "isTemplate": false,
    "count": 0,
    "updated": 1526621105
  },
  {
    "id": "e11e103d-2f27-437c-8732-a59b2704173b",
    "data": [
      {
        "text": "set up reminder",
        "userDefined": false
      }
    ],
    "isTemplate": false,
    "count": 0,
    "updated": 1526621105
  },
  {
    "id": "43f843e7-00a8-47a2-8597-2c3597bb32f7",
    "data": [
      {
        "text": "I would like to add a reminder",
        "userDefined": false
      }
    ],
    "isTemplate": false,
    "count": 0,
    "updated": 1526621105
  },
  {
    "id": "977c7f5c-dc6b-4586-a7bf-6dfb71e3a803",
    "data": [
      {
        "text": "set reminder for ",
        "userDefined": false
      },
      {
        "text": "tomorrow",
        "alias": "date-time",
        "meta": "@sys.date-time",
        "userDefined": true
      }
    ],
    "isTemplate": false,
    "count": 1,
    "updated": 1526621105
  },
  {
    "id": "34f64401-22a9-46a3-b51d-f5b99fe2bafe",
    "data": [
      {
        "text": "remind me ",
        "userDefined": false
      },
      {
        "text": "in 15 minutes",
        "alias": "date-time",
        "meta": "@sys.date-time",
        "userDefined": true
      },
      {
        "text": " to ",
        "userDefined": false
      },
      {
        "text": "go to the bar",
        "alias": "name",
        "meta": "@sys.any",
        "userDefined": true
      }
    ],
    "isTemplate": false,
    "count": 0,
    "updated": 1526621105
  },
  {
    "id": "1e2adfef-2d85-4df3-9be4-e8f2e802bf3e",
    "data": [
      {
        "text": "help me remind me to ",
        "userDefined": false
      },
      {
        "text": "call Bae",
        "alias": "name",
        "meta": "@sys.any",
        "userDefined": true
      },
      {
        "text": " ",
        "userDefined": false
      },
      {
        "text": "tomorrow at 9",
        "alias": "date-time",
        "meta": "@sys.date-time",
        "userDefined": true
      }
    ],
    "isTemplate": false,
    "count": 0,
    "updated": 1526621105
  },
  {
    "id": "5901ca2f-4435-4137-ab24-43ae73824f0b",
    "data": [
      {
        "text": "set a reminder for ",
        "userDefined": false
      },
      {
        "text": "8 am",
        "alias": "date-time",
        "meta": "@sys.date-time",
        "userDefined": true
      }
    ],
    "isTemplate": false,
    "count": 0,
    "updated": 1526621105
  },
  {
    "id": "3db33bed-85ac-400a-a1fa-0d13d183f6cb",
    "data": [
      {
        "text": "remind me to ",
        "userDefined": false
      },
      {
        "text": "go running",
        "alias": "name",
        "meta": "@sys.any",
        "userDefined": true
      },
      {
        "text": " at ",
        "userDefined": false
      },
      {
        "text": "6 AM",
        "alias": "date-time",
        "meta": "@sys.date-time",
        "userDefined": true
      }
    ],
    "isTemplate": false,
    "count": 0,
    "updated": 1526621105
  },
  {
    "id": "eb87230f-54fe-42d7-b7bf-9c4662b05614",
    "data": [
      {
        "text": "remind me about the ",
        "userDefined": false
      },
      {
        "text": "teacher meeting",
        "alias": "name",
        "meta": "@sys.any",
        "userDefined": true
      },
      {
        "text": " on ",
        "userDefined": false
      },
      {
        "text": "Friday",
        "alias": "date-time",
        "meta": "@sys.date-time",
        "userDefined": true
      }
    ],
    "isTemplate": false,
    "count": 0,
    "updated": 1526621105
  },
  {
    "id": "04140c14-bc44-4bc8-bed0-db69a9a0820e",
    "data": [
      {
        "text": "remind me at ",
        "userDefined": false
      },
      {
        "text": "7pm on November 11",
        "alias": "date-time",
        "meta": "@sys.date-time",
        "userDefined": true
      },
      {
        "text": " to ",
        "userDefined": false
      },
      {
        "text": "do homework",
        "alias": "name",
        "meta": "@sys.any",
        "userDefined": true
      }
    ],
    "isTemplate": false,
    "count": 0,
    "updated": 1526621105
  },
  {
    "id": "fd62c737-cbf8-4fd4-92f2-1635d29cd048",
    "data": [
      {
        "text": "remind me about ",
        "userDefined": false
      },
      {
        "text": "dinner",
        "alias": "name",
        "meta": "@sys.any",
        "userDefined": true
      },
      {
        "text": " ",
        "userDefined": false
      },
      {
        "text": "in 1m",
        "alias": "date-time",
        "meta": "@sys.date-time",
        "userDefined": true
      }
    ],
    "isTemplate": false,
    "count": 0,
    "updated": 1526621105
  },
  {
    "id": "bf40bb96-f216-49be-975b-146e2bcffe30",
    "data": [
      {
        "text": "okay remind me",
        "userDefined": false
      }
    ],
    "isTemplate": false,
    "count": 0,
    "updated": 1526621105
  },
  {
    "id": "a9c21017-1b18-4978-801d-07003e84ac15",
    "data": [
      {
        "text": "don\u0027t",
        "meta": "@sys.ignore",
        "userDefined": false
      },
      {
        "text": " let ",
        "userDefined": false
      },
      {
        "text": "me",
        "meta": "@sys.ignore",
        "userDefined": false
      },
      {
        "text": " forget ",
        "userDefined": false
      },
      {
        "text": "to",
        "meta": "@sys.ignore",
        "userDefined": false
      },
      {
        "text": " ",
        "userDefined": false
      },
      {
        "text": "pick up milk",
        "alias": "name",
        "meta": "@sys.any",
        "userDefined": true
      },
      {
        "text": " ",
        "userDefined": false
      },
      {
        "text": "today",
        "alias": "date-time",
        "meta": "@sys.date-time",
        "userDefined": false
      }
    ],
    "isTemplate": false,
    "count": 1,
    "updated": 1526621105
  },
  {
    "id": "594d3e85-fbbb-448d-ad4e-b97887bb0f55",
    "data": [
      {
        "text": "remind me to ",
        "userDefined": false
      },
      {
        "text": "call mom",
        "alias": "name",
        "meta": "@sys.any",
        "userDefined": true
      },
      {
        "text": " on ",
        "userDefined": false
      },
      {
        "text": "Christmas",
        "alias": "date-time",
        "meta": "@sys.date-time",
        "userDefined": true
      }
    ],
    "isTemplate": false,
    "count": 0,
    "updated": 1526621105
  },
  {
    "id": "78a962b9-5939-4952-a757-08c60173d834",
    "data": [
      {
        "text": "make me a reminder",
        "userDefined": false
      }
    ],
    "isTemplate": false,
    "count": 0,
    "updated": 1526621105
  },
  {
    "id": "5d6c421d-acbd-4286-b174-ae0e8ba852c0",
    "data": [
      {
        "text": "reminder for ",
        "userDefined": false
      },
      {
        "text": "4.15 pm today",
        "alias": "date-time",
        "meta": "@sys.date-time",
        "userDefined": true
      },
      {
        "text": " ",
        "userDefined": false
      },
      {
        "text": "visit grandma",
        "alias": "name",
        "meta": "@sys.any",
        "userDefined": true
      },
      {
        "text": " please",
        "userDefined": false
      }
    ],
    "isTemplate": false,
    "count": 0,
    "updated": 1526621105
  },
  {
    "id": "53ca8c29-6bae-4584-a9b7-aead03bb167b",
    "data": [
      {
        "text": "remind me ",
        "userDefined": false
      },
      {
        "text": "10:30 pm",
        "alias": "date-time",
        "meta": "@sys.date-time",
        "userDefined": true
      },
      {
        "text": " to ",
        "userDefined": false
      },
      {
        "text": "close the restaurant",
        "alias": "name",
        "meta": "@sys.any",
        "userDefined": true
      }
    ],
    "isTemplate": false,
    "count": 0,
    "updated": 1526621105
  },
  {
    "id": "2b5c0ec9-935e-448e-86c9-45cde93147bf",
    "data": [
      {
        "text": "I need to schedule a reminder",
        "userDefined": false
      }
    ],
    "isTemplate": false,
    "count": 0,
    "updated": 1526621105
  },
  {
    "id": "8683f8f0-3659-4b6b-afc2-456392429df6",
    "data": [
      {
        "text": "can you remind me something ",
        "userDefined": false
      },
      {
        "text": "tomorrow",
        "alias": "date-time",
        "meta": "@sys.date-time",
        "userDefined": true
      }
    ],
    "isTemplate": false,
    "count": 0,
    "updated": 1526621105
  },
  {
    "id": "772245dc-10e7-494b-911c-21f4d35cd8e2",
    "data": [
      {
        "text": "remind me to ",
        "userDefined": false
      },
      {
        "text": "wash my car",
        "alias": "name",
        "meta": "@sys.any",
        "userDefined": true
      }
    ],
    "isTemplate": false,
    "count": 0,
    "updated": 1526621105
  },
  {
    "id": "8fd52255-ada3-4ab6-94b6-fb4550ce7596",
    "data": [
      {
        "text": "Send me a reminder to ",
        "userDefined": false
      },
      {
        "text": "pay the cable bill",
        "alias": "name",
        "meta": "@sys.any",
        "userDefined": true
      },
      {
        "text": " on ",
        "userDefined": false
      },
      {
        "text": "March 3",
        "alias": "date-time",
        "meta": "@sys.date-time",
        "userDefined": true
      }
    ],
    "isTemplate": false,
    "count": 0,
    "updated": 1526621105
  },
  {
    "id": "86adc5e2-ac66-4530-b506-c502de211f9a",
    "data": [
      {
        "text": "remind me to ",
        "userDefined": false
      },
      {
        "text": "buy shoes in Paris",
        "alias": "name",
        "meta": "@sys.any",
        "userDefined": true
      }
    ],
    "isTemplate": false,
    "count": 0,
    "updated": 1526621105
  },
  {
    "id": "810b0707-95aa-4664-b598-4c4aac717531",
    "data": [
      {
        "text": "make reminder",
        "userDefined": false
      }
    ],
    "isTemplate": false,
    "count": 0,
    "updated": 1526621105
  },
  {
    "id": "3f72419a-b8a6-4a47-958d-51999a047046",
    "data": [
      {
        "text": "remind me to ",
        "userDefined": false
      },
      {
        "text": "buy bread",
        "alias": "name",
        "meta": "@sys.any",
        "userDefined": true
      },
      {
        "text": " ",
        "userDefined": false
      },
      {
        "text": "at 11 am tomorrow",
        "alias": "date-time",
        "meta": "@sys.date-time",
        "userDefined": true
      }
    ],
    "isTemplate": false,
    "count": 0,
    "updated": 1526621105
  },
  {
    "id": "6e310e5a-a9fd-4850-beb9-cc1da585b15b",
    "data": [
      {
        "text": "remind me to ",
        "userDefined": false
      },
      {
        "text": "watch",
        "alias": "name",
        "meta": "@sys.any",
        "userDefined": true
      }
    ],
    "isTemplate": false,
    "count": 0,
    "updated": 1526621105
  },
  {
    "id": "dba433b9-d444-4277-b0a2-c44a8069ff38",
    "data": [
      {
        "text": "remind me to ",
        "userDefined": false
      },
      {
        "text": "wear green on st. patrick’s day",
        "alias": "name",
        "meta": "@sys.any",
        "userDefined": true
      }
    ],
    "isTemplate": false,
    "count": 0,
    "updated": 1526621105
  },
  {
    "id": "312dc746-4955-4d2e-966c-1d1c9dd45294",
    "data": [
      {
        "text": "remind me to ",
        "userDefined": false
      },
      {
        "text": "go to the doctor",
        "alias": "name",
        "meta": "@sys.any",
        "userDefined": true
      }
    ],
    "isTemplate": false,
    "count": 0,
    "updated": 1526621105
  },
  {
    "id": "153285a1-c609-4181-9830-79f3e200c5a9",
    "data": [
      {
        "text": "remind me ",
        "userDefined": false
      },
      {
        "text": "of",
        "meta": "@sys.ignore",
        "userDefined": true
      },
      {
        "text": " my ",
        "userDefined": false
      },
      {
        "text": "appointment",
        "alias": "name",
        "meta": "@sys.any",
        "userDefined": true
      }
    ],
    "isTemplate": false,
    "count": 0,
    "updated": 1526621105
  },
  {
    "id": "4f713ef1-c46e-4bc2-9b3d-d8efadae4537",
    "data": [
      {
        "text": "schedule a reminder",
        "userDefined": false
      }
    ],
    "isTemplate": false,
    "count": 0,
    "updated": 1526621105
  },
  {
    "id": "3c81a62e-ec12-4250-8723-8d6f56029d71",
    "data": [
      {
        "text": "set reminder set reminder",
        "userDefined": false
      }
    ],
    "isTemplate": false,
    "count": 0,
    "updated": 1526621105
  },
  {
    "id": "d4a80d0e-7e23-48fb-addc-3b805bbfc07d",
    "data": [
      {
        "text": "remind me to ",
        "userDefined": false
      },
      {
        "text": "visit my family",
        "alias": "name",
        "meta": "@sys.any",
        "userDefined": true
      },
      {
        "text": " on ",
        "userDefined": false
      },
      {
        "text": "Thanksgiving day",
        "alias": "date-time",
        "meta": "@sys.date-time",
        "userDefined": true
      }
    ],
    "isTemplate": false,
    "count": 0,
    "updated": 1526621105
  },
  {
    "id": "bb5a392e-e71a-4fff-bd5e-4ca13acc3d9e",
    "data": [
      {
        "text": "create reminder",
        "userDefined": false
      }
    ],
    "isTemplate": false,
    "count": 0,
    "updated": 1526621105
  },
  {
    "id": "ecb8c06a-412d-4714-b0d8-d8fd50c2082a",
    "data": [
      {
        "text": "set reminder ",
        "userDefined": false
      },
      {
        "text": "buy milk",
        "alias": "name",
        "meta": "@sys.any",
        "userDefined": true
      },
      {
        "text": " for ",
        "userDefined": false
      },
      {
        "text": "every Monday and Wednesday",
        "alias": "recurrence",
        "meta": "@recurrence",
        "userDefined": true
      },
      {
        "text": " at ",
        "userDefined": false
      },
      {
        "text": "5 pm",
        "alias": "date-time",
        "meta": "@sys.date-time",
        "userDefined": true
      }
    ],
    "isTemplate": false,
    "count": 7,
    "updated": 1526621105
  },
  {
    "id": "9bee6a9b-c06e-4cd8-b9ef-cd2aa68cc78e",
    "data": [
      {
        "text": "remind me on the ",
        "userDefined": false
      },
      {
        "text": "27th of August",
        "alias": "date-time",
        "meta": "@sys.date-time",
        "userDefined": true
      },
      {
        "text": " ",
        "userDefined": false
      },
      {
        "text": "Tomy flight",
        "alias": "name",
        "meta": "@sys.any",
        "userDefined": true
      }
    ],
    "isTemplate": false,
    "count": 0,
    "updated": 1526621105
  },
  {
    "id": "e0f4fcb5-8b2f-49bf-897d-90082b49ccb7",
    "data": [
      {
        "text": "new reminder about ",
        "userDefined": false
      },
      {
        "text": "fitness",
        "alias": "name",
        "meta": "@sys.any",
        "userDefined": true
      }
    ],
    "isTemplate": false,
    "count": 0,
    "updated": 1526621105
  },
  {
    "id": "d7b8f18f-1679-4b17-845d-6365fff1aeeb",
    "data": [
      {
        "text": "can you set up a reminder for me",
        "userDefined": false
      }
    ],
    "isTemplate": false,
    "count": 0,
    "updated": 1526621105
  },
  {
    "id": "f7a36d29-46fc-4042-9c21-9edf634d75c6",
    "data": [
      {
        "text": "add another reminder",
        "userDefined": false
      }
    ],
    "isTemplate": false,
    "count": 0,
    "updated": 1526621105
  },
  {
    "id": "a07482df-1c98-4bec-a326-e8d37c33e2a4",
    "data": [
      {
        "text": "remind me at ",
        "userDefined": false
      },
      {
        "text": "noon",
        "alias": "date-time",
        "meta": "@sys.date-time",
        "userDefined": true
      }
    ],
    "isTemplate": false,
    "count": 0,
    "updated": 1526621105
  },
  {
    "id": "f9f5aa64-953d-4beb-a4c2-5dd93bce7e4a",
    "data": [
      {
        "text": "remind",
        "userDefined": false
      }
    ],
    "isTemplate": false,
    "count": 0,
    "updated": 1526621105
  },
  {
    "id": "81b0f451-552b-49cb-8d15-5727170c5616",
    "data": [
      {
        "text": "I need to set up a reminder",
        "userDefined": false
      }
    ],
    "isTemplate": false,
    "count": 0,
    "updated": 1526621105
  },
  {
    "id": "7ea5969b-e188-4a2c-b23e-fa2382039aa7",
    "data": [
      {
        "text": "remind me to ",
        "userDefined": false
      },
      {
        "text": "brush my teeth",
        "alias": "name",
        "meta": "@sys.any",
        "userDefined": true
      }
    ],
    "isTemplate": false,
    "count": 0,
    "updated": 1526621105
  },
  {
    "id": "238dee14-15b6-4067-bf06-6bde1464c0b1",
    "data": [
      {
        "text": "remind me ",
        "userDefined": false
      },
      {
        "text": "everyday",
        "alias": "recurrence",
        "meta": "@recurrence",
        "userDefined": true
      },
      {
        "text": " to ",
        "userDefined": false
      },
      {
        "text": "read a book",
        "alias": "name",
        "meta": "@sys.any",
        "userDefined": true
      },
      {
        "text": " at ",
        "userDefined": false
      },
      {
        "text": "6PM",
        "alias": "date-time",
        "meta": "@sys.date-time",
        "userDefined": true
      }
    ],
    "isTemplate": false,
    "count": 0,
    "updated": 1526621105
  },
  {
    "id": "b1572dd7-bbb7-4f48-980f-0452b4a874f9",
    "data": [
      {
        "text": "remind me ",
        "userDefined": false
      },
      {
        "text": "every day except Sundays",
        "alias": "recurrence",
        "meta": "@recurrence",
        "userDefined": true
      }
    ],
    "isTemplate": false,
    "count": 0,
    "updated": 1526621105
  },
  {
    "id": "fe81d645-0f6e-44c5-9e6c-73a8bc3e6695",
    "data": [
      {
        "text": "remind me ",
        "userDefined": false
      },
      {
        "text": "of",
        "meta": "@sys.ignore",
        "userDefined": true
      },
      {
        "text": " ",
        "userDefined": false
      },
      {
        "text": "video",
        "alias": "name",
        "meta": "@sys.any",
        "userDefined": true
      },
      {
        "text": " ",
        "userDefined": false
      },
      {
        "text": "every day",
        "alias": "recurrence",
        "meta": "@recurrence",
        "userDefined": true
      },
      {
        "text": " at ",
        "userDefined": false
      },
      {
        "text": "noon",
        "alias": "date-time",
        "meta": "@sys.date-time",
        "userDefined": true
      }
    ],
    "isTemplate": false,
    "count": 0,
    "updated": 1526621105
  },
  {
    "id": "a0f161cf-fb05-4408-a3c1-09a38fd0e90d",
    "data": [
      {
        "text": "need to set a reminder",
        "userDefined": false
      }
    ],
    "isTemplate": false,
    "count": 0,
    "updated": 1526621105
  },
  {
    "id": "9e80cce3-05f7-472e-a5d1-df19f5e474bc",
    "data": [
      {
        "text": "remind me to ",
        "userDefined": false
      },
      {
        "text": "boil water",
        "alias": "name",
        "meta": "@sys.any",
        "userDefined": true
      },
      {
        "text": " ",
        "userDefined": false
      },
      {
        "text": "every morning",
        "alias": "recurrence",
        "meta": "@recurrence",
        "userDefined": true
      },
      {
        "text": " by ",
        "userDefined": false
      },
      {
        "text": "7 a.m.",
        "alias": "date-time",
        "meta": "@sys.date-time",
        "userDefined": true
      }
    ],
    "isTemplate": false,
    "count": 0,
    "updated": 1526621105
  },
  {
    "id": "966d52fe-99e0-4c6f-a21f-8c1fde89bcb1",
    "data": [
      {
        "text": "can you please remind me to ",
        "userDefined": false
      },
      {
        "text": "take my medication",
        "alias": "name",
        "meta": "@sys.any",
        "userDefined": true
      },
      {
        "text": " ",
        "userDefined": false
      },
      {
        "text": "every morning",
        "alias": "recurrence",
        "meta": "@recurrence",
        "userDefined": true
      },
      {
        "text": " at ",
        "userDefined": false
      },
      {
        "text": "7:00",
        "alias": "date-time",
        "meta": "@sys.date-time",
        "userDefined": true
      }
    ],
    "isTemplate": false,
    "count": 0,
    "updated": 1526621105
  },
  {
    "id": "22ff32c7-b9b8-479a-ab0a-a7a5f7d1421c",
    "data": [
      {
        "text": "remind me ",
        "userDefined": false
      },
      {
        "text": "on weekend",
        "alias": "date-time",
        "meta": "@sys.date-time",
        "userDefined": true
      }
    ],
    "isTemplate": false,
    "count": 0,
    "updated": 1526621105
  },
  {
    "id": "6f592e0d-b757-4a84-8a6d-2afd65d6c9e7",
    "data": [
      {
        "text": "remind me ",
        "userDefined": false
      },
      {
        "text": "of",
        "meta": "@sys.ignore",
        "userDefined": true
      },
      {
        "text": " ",
        "userDefined": false
      },
      {
        "text": "appointment",
        "alias": "name",
        "meta": "@sys.any",
        "userDefined": true
      }
    ],
    "isTemplate": false,
    "count": 0,
    "updated": 1526621105
  },
  {
    "id": "9562b343-3796-4c94-a238-dfefc87d248d",
    "data": [
      {
        "text": "remind me to ",
        "userDefined": false
      },
      {
        "text": "feed my cat",
        "alias": "name",
        "meta": "@sys.any",
        "userDefined": true
      },
      {
        "text": " please",
        "userDefined": false
      }
    ],
    "isTemplate": false,
    "count": 0,
    "updated": 1526621105
  },
  {
    "id": "2e5bb591-12ef-46d6-9224-9ada50366355",
    "data": [
      {
        "text": "remind me to ",
        "userDefined": false
      },
      {
        "text": "exercise",
        "alias": "name",
        "meta": "@sys.any",
        "userDefined": true
      },
      {
        "text": " ",
        "userDefined": false
      },
      {
        "text": "tonight",
        "alias": "date-time",
        "meta": "@sys.date-time",
        "userDefined": true
      }
    ],
    "isTemplate": false,
    "count": 0,
    "updated": 1526621105
  },
  {
    "id": "23786746-34df-410e-8654-2406d8a69a20",
    "data": [
      {
        "text": "new reminder about ",
        "userDefined": false
      },
      {
        "text": "washing car",
        "alias": "name",
        "meta": "@sys.any",
        "userDefined": true
      }
    ],
    "isTemplate": false,
    "count": 0,
    "updated": 1526621105
  },
  {
    "id": "7745e5ec-7bc9-4224-8ef3-1a5de58cc609",
    "data": [
      {
        "text": "remind me ",
        "userDefined": false
      },
      {
        "text": "of",
        "meta": "@sys.ignore",
        "userDefined": true
      },
      {
        "text": " my ",
        "userDefined": false
      },
      {
        "text": "doctors appointment",
        "alias": "name",
        "meta": "@sys.any",
        "userDefined": true
      }
    ],
    "isTemplate": false,
    "count": 0,
    "updated": 1526621105
  },
  {
    "id": "110e630e-94de-484c-adee-78392919cf4f",
    "data": [
      {
        "text": "remind ",
        "userDefined": false
      },
      {
        "text": "us",
        "meta": "@sys.ignore",
        "userDefined": true
      }
    ],
    "isTemplate": false,
    "count": 0,
    "updated": 1526621105
  },
  {
    "id": "4306a032-801d-40ce-9323-55bd05e814d2",
    "data": [
      {
        "text": "add reminder",
        "userDefined": false
      }
    ],
    "isTemplate": false,
    "count": 0,
    "updated": 1526621105
  },
  {
    "id": "ab7f9c13-c0e3-4299-a685-5aae06a6d2bb",
    "data": [
      {
        "text": "don",
        "meta": "@sys.ignore",
        "userDefined": true
      },
      {
        "text": "\u0027t forget to remind me",
        "userDefined": false
      }
    ],
    "isTemplate": false,
    "count": 0,
    "updated": 1526621105
  },
  {
    "id": "e78775c5-780d-4e72-8f45-2dd3e925b922",
    "data": [
      {
        "text": "remind me ",
        "userDefined": false
      },
      {
        "text": "on Thursday",
        "alias": "date-time",
        "meta": "@sys.date-time",
        "userDefined": true
      }
    ],
    "isTemplate": false,
    "count": 0,
    "updated": 1526621105
  },
  {
    "id": "2a96f6aa-31d8-48ef-8893-e0fe22a1dfce",
    "data": [
      {
        "text": "remind me to ",
        "userDefined": false
      },
      {
        "text": "wash the car",
        "alias": "name",
        "meta": "@sys.any",
        "userDefined": true
      }
    ],
    "isTemplate": false,
    "count": 0,
    "updated": 1526621105
  },
  {
    "id": "c25a58b2-584d-4022-a256-d5e2da44fa23",
    "data": [
      {
        "text": "remind me to ",
        "userDefined": false
      },
      {
        "text": "do homework",
        "alias": "name",
        "meta": "@sys.any",
        "userDefined": true
      },
      {
        "text": " on ",
        "userDefined": false
      },
      {
        "text": "November 11 at 7pm",
        "alias": "date-time",
        "meta": "@sys.date-time",
        "userDefined": true
      }
    ],
    "isTemplate": false,
    "count": 0,
    "updated": 1526621105
  },
  {
    "id": "0653882d-a552-47a0-9859-c80c31e6582c",
    "data": [
      {
        "text": "remind me at ",
        "userDefined": false
      },
      {
        "text": "11 o\u0027clock in the morning",
        "alias": "date-time",
        "meta": "@sys.date-time",
        "userDefined": true
      }
    ],
    "isTemplate": false,
    "count": 0,
    "updated": 1526621105
  },
  {
    "id": "213b7a3c-c0fc-4427-a041-5207ff4050c2",
    "data": [
      {
        "text": "remind me about ",
        "userDefined": false
      },
      {
        "text": "dinner",
        "alias": "name",
        "meta": "@sys.any",
        "userDefined": true
      },
      {
        "text": " at ",
        "userDefined": false
      },
      {
        "text": "15pm",
        "alias": "date-time",
        "meta": "@sys.date-time",
        "userDefined": true
      }
    ],
    "isTemplate": false,
    "count": 0,
    "updated": 1526621105
  },
  {
    "id": "55753166-9394-4f5f-bfa2-96a1c8add6a1",
    "data": [
      {
        "text": "remind me ",
        "userDefined": false
      },
      {
        "text": "of",
        "meta": "@sys.ignore",
        "userDefined": true
      },
      {
        "text": " ",
        "userDefined": false
      },
      {
        "text": "blood brothers",
        "alias": "name",
        "meta": "@sys.any",
        "userDefined": true
      }
    ],
    "isTemplate": false,
    "count": 0,
    "updated": 1526621105
  },
  {
    "id": "911d32f0-a0f3-4c71-aca0-7d3451a82409",
    "data": [
      {
        "text": "ok remind me",
        "userDefined": false
      }
    ],
    "isTemplate": false,
    "count": 0,
    "updated": 1526621105
  },
  {
    "id": "6999273c-0ca7-4e18-a6f6-1fe52e4550b3",
    "data": [
      {
        "text": "remind about ",
        "userDefined": false
      },
      {
        "text": "business meeting",
        "alias": "name",
        "meta": "@sys.any",
        "userDefined": true
      },
      {
        "text": " ",
        "userDefined": false
      },
      {
        "text": "every monday",
        "alias": "recurrence",
        "meta": "@recurrence",
        "userDefined": true
      },
      {
        "text": " at ",
        "userDefined": false
      },
      {
        "text": "4 pm",
        "alias": "date-time",
        "meta": "@sys.date-time",
        "userDefined": true
      }
    ],
    "isTemplate": false,
    "count": 0,
    "updated": 1526621105
  },
  {
    "id": "a2ade433-82f6-43e8-b169-2de5ddbec499",
    "data": [
      {
        "text": "set reminder to ",
        "userDefined": false
      },
      {
        "text": "5 pm",
        "alias": "date-time",
        "meta": "@sys.date-time",
        "userDefined": true
      }
    ],
    "isTemplate": false,
    "count": 0,
    "updated": 1526621105
  },
  {
    "id": "0a4fbce4-363e-4b9b-b08a-763677ae41f1",
    "data": [
      {
        "text": "can you set a reminder for me ",
        "userDefined": false
      },
      {
        "text": "tomorrow",
        "alias": "date-time",
        "meta": "@sys.date-time",
        "userDefined": true
      }
    ],
    "isTemplate": false,
    "count": 0,
    "updated": 1526621105
  },
  {
    "id": "a0df84d2-e9ad-4b3e-ab1b-7dbc469e7aaa",
    "data": [
      {
        "text": "remind me to ",
        "userDefined": false
      },
      {
        "text": "turn off my phone",
        "alias": "name",
        "meta": "@sys.any",
        "userDefined": true
      },
      {
        "text": " ",
        "userDefined": false
      },
      {
        "text": "every day",
        "alias": "recurrence",
        "meta": "@recurrence",
        "userDefined": true
      },
      {
        "text": " at ",
        "userDefined": false
      },
      {
        "text": "11 pm",
        "alias": "date-time",
        "meta": "@sys.date-time",
        "userDefined": true
      }
    ],
    "isTemplate": false,
    "count": 0,
    "updated": 1526621105
  },
  {
    "id": "e444efe7-26b9-42bf-99f8-8683edf65995",
    "data": [
      {
        "text": "remind me I have a ",
        "userDefined": false
      },
      {
        "text": "doctor\u0027s appointment",
        "alias": "name",
        "meta": "@sys.any",
        "userDefined": true
      }
    ],
    "isTemplate": false,
    "count": 18,
    "updated": 1526621105
  },
  {
    "id": "e831f0d0-384f-435b-ac70-46303df26282",
    "data": [
      {
        "text": "do",
        "meta": "@sys.ignore",
        "userDefined": true
      },
      {
        "text": " not let me forget to ",
        "userDefined": false
      },
      {
        "text": "water flowers",
        "alias": "name",
        "meta": "@sys.any",
        "userDefined": true
      },
      {
        "text": " at ",
        "userDefined": false
      },
      {
        "text": "7 am tomorrow",
        "alias": "date-time",
        "meta": "@sys.date-time",
        "userDefined": true
      }
    ],
    "isTemplate": false,
    "count": 0,
    "updated": 1526621105
  },
  {
    "id": "3e06eae9-3553-4eb7-a65a-cbd8f50792c3",
    "data": [
      {
        "text": "set a reminder for me please",
        "userDefined": false
      }
    ],
    "isTemplate": false,
    "count": 0,
    "updated": 1526621105
  },
  {
    "id": "f0cd5566-4818-47e4-8d97-51b2faeefdf2",
    "data": [
      {
        "text": "create a reminder for me",
        "userDefined": false
      }
    ],
    "isTemplate": false,
    "count": 0,
    "updated": 1526621105
  },
  {
    "id": "6b47c65d-fc53-4826-99d4-19800d6ff1d0",
    "data": [
      {
        "text": "remind me at ",
        "userDefined": false
      },
      {
        "text": "12 o\u0027clock",
        "alias": "date-time",
        "meta": "@sys.date-time",
        "userDefined": true
      }
    ],
    "isTemplate": false,
    "count": 0,
    "updated": 1526621105
  },
  {
    "id": "c0f9d697-6727-469a-b987-e433a096432e",
    "data": [
      {
        "text": "set reminder ",
        "userDefined": false
      },
      {
        "text": "for 5 minutes",
        "alias": "date-time",
        "meta": "@sys.date-time",
        "userDefined": true
      }
    ],
    "isTemplate": false,
    "count": 0,
    "updated": 1526621105
  },
  {
    "id": "f295b4b5-670a-43b0-b72e-4d74f62f62f9",
    "data": [
      {
        "text": "yes please remind me",
        "userDefined": false
      }
    ],
    "isTemplate": false,
    "count": 0,
    "updated": 1526621105
  },
  {
    "id": "0f03cddf-c1dd-43d2-9e82-c4cc96a012e7",
    "data": [
      {
        "text": "set reminder for ",
        "userDefined": false
      },
      {
        "text": "25th November",
        "alias": "date-time",
        "meta": "@sys.date-time",
        "userDefined": true
      }
    ],
    "isTemplate": false,
    "count": 0,
    "updated": 1526621105
  },
  {
    "id": "8ee0ee60-5576-4a7b-9ae8-8ffe0a8a6530",
    "data": [
      {
        "text": "reminder",
        "userDefined": false
      }
    ],
    "isTemplate": false,
    "count": 0,
    "updated": 1526621105
  },
  {
    "id": "7382cdd7-32cf-49c5-b7f8-5ef307d4e438",
    "data": [
      {
        "text": "I would like a reminder",
        "userDefined": false
      }
    ],
    "isTemplate": false,
    "count": 0,
    "updated": 1526621105
  },
  {
    "id": "8a7eb20e-9bd6-4b6c-94fd-05669e2e17ad",
    "data": [
      {
        "text": "can you set up a reminder",
        "userDefined": false
      }
    ],
    "isTemplate": false,
    "count": 0,
    "updated": 1526621105
  },
  {
    "id": "e9ac0da2-dbc3-4f3f-96ef-33badbada6fd",
    "data": [
      {
        "text": "can you remind me ",
        "userDefined": false
      },
      {
        "text": "of",
        "meta": "@sys.ignore",
        "userDefined": true
      },
      {
        "text": " something ",
        "userDefined": false
      },
      {
        "text": "tomorrow",
        "alias": "date-time",
        "meta": "@sys.date-time",
        "userDefined": true
      }
    ],
    "isTemplate": false,
    "count": 0,
    "updated": 1526621105
  },
  {
    "id": "908639ec-ec71-4048-b527-2e785c87765e",
    "data": [
      {
        "text": "please add reminder",
        "userDefined": false
      }
    ],
    "isTemplate": false,
    "count": 0,
    "updated": 1526621105
  },
  {
    "id": "5a889f1d-f871-4236-94d1-471c13c292e0",
    "data": [
      {
        "text": "add a reminder",
        "userDefined": false
      }
    ],
    "isTemplate": false,
    "count": 0,
    "updated": 1526621105
  },
  {
    "id": "3c1a26cd-da28-4ade-bcc6-8de8fe6d2b83",
    "data": [
      {
        "text": "set a reminder for",
        "userDefined": false
      }
    ],
    "isTemplate": false,
    "count": 0,
    "updated": 1526621105
  },
  {
    "id": "4309c567-c80c-4683-9cae-05c287f4e748",
    "data": [
      {
        "text": "remind me to ",
        "userDefined": false
      },
      {
        "text": "work out",
        "alias": "name",
        "meta": "@sys.any",
        "userDefined": true
      }
    ],
    "isTemplate": false,
    "count": 0,
    "updated": 1526621105
  },
  {
    "id": "0e074210-e109-4dd7-aef1-c1d8e1d57210",
    "data": [
      {
        "text": "send me a reminder to ",
        "userDefined": false
      },
      {
        "text": "leave for work",
        "alias": "name",
        "meta": "@sys.any",
        "userDefined": true
      },
      {
        "text": " ",
        "userDefined": false
      },
      {
        "text": "in 10 minutes",
        "alias": "date-time",
        "meta": "@sys.date-time",
        "userDefined": true
      }
    ],
    "isTemplate": false,
    "count": 0,
    "updated": 1526621105
  },
  {
    "id": "c4f03779-c801-4bb2-87e7-eaa9317932e6",
    "data": [
      {
        "text": "remind me ",
        "userDefined": false
      },
      {
        "text": "the day before",
        "alias": "date-time",
        "meta": "@sys.date-time",
        "userDefined": true
      }
    ],
    "isTemplate": false,
    "count": 0,
    "updated": 1526621105
  },
  {
    "id": "251f4dd5-c57f-4d7b-b374-504b89816e89",
    "data": [
      {
        "text": "can you remind me later",
        "userDefined": false
      }
    ],
    "isTemplate": false,
    "count": 0,
    "updated": 1526621105
  },
  {
    "id": "061620cc-fb33-438e-8955-85d0208508ce",
    "data": [
      {
        "text": "remind me to ",
        "userDefined": false
      },
      {
        "text": "go to work",
        "alias": "name",
        "meta": "@sys.any",
        "userDefined": true
      },
      {
        "text": " the ",
        "userDefined": false
      },
      {
        "text": "19th of August",
        "alias": "date-time",
        "meta": "@sys.date-time",
        "userDefined": true
      }
    ],
    "isTemplate": false,
    "count": 0,
    "updated": 1526621105
  },
  {
    "id": "2d4d081e-a725-498c-b9d4-71c7fa5e7a62",
    "data": [
      {
        "text": "add a reminder for ",
        "userDefined": false
      },
      {
        "text": "tomorrow",
        "alias": "date-time",
        "meta": "@sys.date-time",
        "userDefined": true
      }
    ],
    "isTemplate": false,
    "count": 0,
    "updated": 1526621105
  },
  {
    "id": "617986a4-f38a-4ae7-a1d6-abfb30a6870c",
    "data": [
      {
        "text": "reminder set",
        "userDefined": false
      }
    ],
    "isTemplate": false,
    "count": 0,
    "updated": 1526621105
  },
  {
    "id": "ce9d04d6-a722-47ab-a974-4950eaa50b40",
    "data": [
      {
        "text": "I want to make a reminder",
        "userDefined": false
      }
    ],
    "isTemplate": false,
    "count": 0,
    "updated": 1526621105
  },
  {
    "id": "b3deed59-cf35-44f2-9577-64b3b590f561",
    "data": [
      {
        "text": "set reminder for ",
        "userDefined": false
      },
      {
        "text": "7 am tomorrow",
        "alias": "date-time",
        "meta": "@sys.date-time",
        "userDefined": true
      },
      {
        "text": " about ",
        "userDefined": false
      },
      {
        "text": "dinner",
        "alias": "name",
        "meta": "@sys.any",
        "userDefined": true
      },
      {
        "text": " please",
        "userDefined": false
      }
    ],
    "isTemplate": false,
    "count": 0,
    "updated": 1526621105
  },
  {
    "id": "fe0c9c2a-a410-4e4d-b1ab-81740b90c300",
    "data": [
      {
        "text": "put a reminder",
        "userDefined": false
      }
    ],
    "isTemplate": false,
    "count": 0,
    "updated": 1526621105
  },
  {
    "id": "332a42ef-91a8-408a-8583-406461cd5907",
    "data": [
      {
        "text": "can you make me a reminder",
        "userDefined": false
      }
    ],
    "isTemplate": false,
    "count": 0,
    "updated": 1526621105
  },
  {
    "id": "a1524a9e-50f5-4645-8e5b-48661b3a89b5",
    "data": [
      {
        "text": "remind ",
        "userDefined": false
      },
      {
        "text": "me",
        "meta": "@sys.ignore",
        "userDefined": false
      },
      {
        "text": " that ",
        "userDefined": false
      },
      {
        "text": "I have",
        "meta": "@sys.ignore",
        "userDefined": false
      },
      {
        "text": " a ",
        "userDefined": false
      },
      {
        "text": "doctor\u0027s appointment",
        "alias": "name",
        "meta": "@sys.any",
        "userDefined": false
      }
    ],
    "isTemplate": false,
    "count": 0,
    "updated": 1526621105
  },
  {
    "id": "2474c55c-d89d-4dd7-8240-7f988e118fda",
    "data": [
      {
        "text": "set up a reminder",
        "userDefined": false
      }
    ],
    "isTemplate": false,
    "count": 0,
    "updated": 1526621105
  },
  {
    "id": "50ebae34-0954-459f-ae31-3c7d6b712a99",
    "data": [
      {
        "text": "can you set reminders for me",
        "userDefined": false
      }
    ],
    "isTemplate": false,
    "count": 0,
    "updated": 1526621105
  },
  {
    "id": "78e1f3a6-0f46-4cd0-8521-0bbab5190061",
    "data": [
      {
        "text": "remind about ",
        "userDefined": false
      },
      {
        "text": "running",
        "alias": "name",
        "meta": "@sys.any",
        "userDefined": true
      },
      {
        "text": " at ",
        "userDefined": false
      },
      {
        "text": "6 am on 7 december",
        "alias": "date-time",
        "meta": "@sys.date-time",
        "userDefined": true
      }
    ],
    "isTemplate": false,
    "count": 0,
    "updated": 1526621105
  },
  {
    "id": "e3e81212-70c0-4d4d-bcd3-4f62ae375f83",
    "data": [
      {
        "text": "add to reminder",
        "userDefined": false
      }
    ],
    "isTemplate": false,
    "count": 0,
    "updated": 1526621105
  },
  {
    "id": "70cd3c98-7756-4754-8211-b5b6d48c72d7",
    "data": [
      {
        "text": "can you please remind me",
        "userDefined": false
      }
    ],
    "isTemplate": false,
    "count": 0,
    "updated": 1526621105
  },
  {
    "id": "2ae399e3-a7df-4d91-84e4-0c2959a5bd83",
    "data": [
      {
        "text": "set reminder for ",
        "userDefined": false
      },
      {
        "text": "every day",
        "alias": "recurrence",
        "meta": "@recurrence",
        "userDefined": true
      }
    ],
    "isTemplate": false,
    "count": 0,
    "updated": 1526621105
  },
  {
    "id": "532ebe30-bf64-4a01-86d2-b40c38a4a4f1",
    "data": [
      {
        "text": "remind me for ",
        "userDefined": false
      },
      {
        "text": "tomorrow",
        "alias": "date-time",
        "meta": "@sys.date-time",
        "userDefined": true
      }
    ],
    "isTemplate": false,
    "count": 0,
    "updated": 1526621105
  },
  {
    "id": "2cb232c9-5d4f-47a6-8bde-738176b77034",
    "data": [
      {
        "text": "set reminder",
        "userDefined": false
      }
    ],
    "isTemplate": false,
    "count": 0,
    "updated": 1526621105
  },
  {
    "id": "17df00fc-7539-4e69-9e44-07650fe95eee",
    "data": [
      {
        "text": "make a new reminder",
        "userDefined": false
      }
    ],
    "isTemplate": false,
    "count": 0,
    "updated": 1526621105
  },
  {
    "id": "035d46b0-ab56-436b-9c04-d45003b6dc32",
    "data": [
      {
        "text": "remind ",
        "userDefined": false
      },
      {
        "text": "flight",
        "alias": "name",
        "meta": "@sys.any",
        "userDefined": true
      },
      {
        "text": " at ",
        "userDefined": false
      },
      {
        "text": "6 am",
        "alias": "date-time",
        "meta": "@sys.date-time",
        "userDefined": true
      }
    ],
    "isTemplate": false,
    "count": 0,
    "updated": 1526621105
  },
  {
    "id": "2f3ac070-ad6d-402e-8fc4-d0bdaa437ef9",
    "data": [
      {
        "text": "remind about ",
        "userDefined": false
      },
      {
        "text": "running",
        "alias": "name",
        "meta": "@sys.any",
        "userDefined": true
      },
      {
        "text": " ",
        "userDefined": false
      },
      {
        "text": "every day",
        "alias": "recurrence",
        "meta": "@recurrence",
        "userDefined": true
      },
      {
        "text": " at ",
        "userDefined": false
      },
      {
        "text": "6 am",
        "alias": "date-time",
        "meta": "@sys.date-time",
        "userDefined": true
      }
    ],
    "isTemplate": false,
    "count": 0,
    "updated": 1526621105
  },
  {
    "id": "a4a56568-7dfa-46e7-b56d-089ccd08cd2d",
    "data": [
      {
        "text": "can you remind me to ",
        "userDefined": false
      },
      {
        "text": "read my book wash dishes and sweep the floor",
        "alias": "name",
        "meta": "@sys.any",
        "userDefined": true
      }
    ],
    "isTemplate": false,
    "count": 0,
    "updated": 1526621105
  },
  {
    "id": "b01e5ea0-b8f3-4f5c-b032-c15f734a9839",
    "data": [
      {
        "text": "set a reminder please",
        "userDefined": false
      }
    ],
    "isTemplate": false,
    "count": 0,
    "updated": 1526621105
  },
  {
    "id": "9429f18e-9562-429d-97f3-12f7c3e92112",
    "data": [
      {
        "text": "please remind me to",
        "userDefined": false
      }
    ],
    "isTemplate": false,
    "count": 0,
    "updated": 1526621105
  },
  {
    "id": "dea4ba2d-8f32-4bd0-8447-049870e65336",
    "data": [
      {
        "text": "setup reminder",
        "userDefined": false
      }
    ],
    "isTemplate": false,
    "count": 0,
    "updated": 1526621105
  },
  {
    "id": "3829a770-5364-437c-9526-ee4ada44f36d",
    "data": [
      {
        "text": "remind me to ",
        "userDefined": false
      },
      {
        "text": "call Jose",
        "alias": "name",
        "meta": "@sys.any",
        "userDefined": true
      },
      {
        "text": " ",
        "userDefined": false
      },
      {
        "text": "tomorrow",
        "alias": "date-time",
        "meta": "@sys.date-time",
        "userDefined": true
      }
    ],
    "isTemplate": false,
    "count": 0,
    "updated": 1526621105
  },
  {
    "id": "e95497d6-0504-4547-adfa-5b40cbc7d0fa",
    "data": [
      {
        "text": "can you put a reminder",
        "userDefined": false
      }
    ],
    "isTemplate": false,
    "count": 0,
    "updated": 1526621105
  },
  {
    "id": "3ea83178-daac-4478-8d53-dcfc45204f98",
    "data": [
      {
        "text": "remind me to ",
        "userDefined": false
      },
      {
        "text": "call someone",
        "alias": "name",
        "meta": "@sys.any",
        "userDefined": true
      },
      {
        "text": " ",
        "userDefined": false
      },
      {
        "text": "everyday",
        "alias": "recurrence",
        "meta": "@recurrence",
        "userDefined": true
      },
      {
        "text": " at ",
        "userDefined": false
      },
      {
        "text": "4 p.m.",
        "alias": "date-time",
        "meta": "@sys.date-time",
        "userDefined": true
      }
    ],
    "isTemplate": false,
    "count": 4,
    "updated": 1526621105
  },
  {
    "id": "48ddbc74-a6b4-4aa2-b56d-906b14382cc8",
    "data": [
      {
        "text": "I need a reminder set",
        "userDefined": false
      }
    ],
    "isTemplate": false,
    "count": 0,
    "updated": 1526621105
  },
  {
    "id": "384a83d4-0565-441f-9c49-cae65425e701",
    "data": [
      {
        "text": "set up reminders",
        "userDefined": false
      }
    ],
    "isTemplate": false,
    "count": 0,
    "updated": 1526621105
  },
  {
    "id": "b81363db-45b0-4d13-9cd1-08a3df1ebb9e",
    "data": [
      {
        "text": "one",
        "meta": "@sys.ignore",
        "userDefined": true
      },
      {
        "text": " more reminder",
        "userDefined": false
      }
    ],
    "isTemplate": false,
    "count": 0,
    "updated": 1526621105
  },
  {
    "id": "c284a53e-0e6e-46fa-9b29-c6ec24517e80",
    "data": [
      {
        "text": "reminder ",
        "userDefined": false
      },
      {
        "text": "for this evening",
        "alias": "date-time",
        "meta": "@sys.date-time",
        "userDefined": true
      }
    ],
    "isTemplate": false,
    "count": 0,
    "updated": 1526621105
  },
  {
    "id": "027247e9-80fb-4485-aad4-c245e386a4ea",
    "data": [
      {
        "text": "remind me to ",
        "userDefined": false
      },
      {
        "text": "deliver to Saint Barbara Catholic Church",
        "alias": "name",
        "meta": "@sys.any",
        "userDefined": true
      },
      {
        "text": " on ",
        "userDefined": false
      },
      {
        "text": "Friday 9 to 9:30",
        "alias": "date-time",
        "meta": "@sys.date-time",
        "userDefined": true
      }
    ],
    "isTemplate": false,
    "count": 0,
    "updated": 1526621105
  },
  {
    "id": "4749909b-9bad-40dc-bb70-df0bf6238f42",
    "data": [
      {
        "text": "remind me to ",
        "userDefined": false
      },
      {
        "text": "wake up",
        "alias": "name",
        "meta": "@sys.any",
        "userDefined": true
      },
      {
        "text": " at ",
        "userDefined": false
      },
      {
        "text": "7 am",
        "alias": "date-time",
        "meta": "@sys.date-time",
        "userDefined": true
      }
    ],
    "isTemplate": false,
    "count": 0,
    "updated": 1526621105
  },
  {
    "id": "aab9affb-9e28-42fc-a2a4-05b0026222df",
    "data": [
      {
        "text": "can you set me a reminder",
        "userDefined": false
      }
    ],
    "isTemplate": false,
    "count": 0,
    "updated": 1526621105
  },
  {
    "id": "1b99ae1a-6746-4710-8e2a-5f4f32d22f01",
    "data": [
      {
        "text": "send me a reminder",
        "userDefined": false
      }
    ],
    "isTemplate": false,
    "count": 0,
    "updated": 1526621105
  },
  {
    "id": "67a3ff60-e804-41b5-b18a-d029ce2a7d36",
    "data": [
      {
        "text": "remind me to ",
        "userDefined": false
      },
      {
        "text": "buy milk",
        "alias": "name",
        "meta": "@sys.any",
        "userDefined": true
      },
      {
        "text": " on ",
        "userDefined": false
      },
      {
        "text": "Tuesday at 8 pm",
        "alias": "date-time",
        "meta": "@sys.date-time",
        "userDefined": true
      }
    ],
    "isTemplate": false,
    "count": 0,
    "updated": 1526621105
  },
  {
    "id": "3946ce8d-c02a-4485-aa1c-a04b4a8e99b4",
    "data": [
      {
        "text": "can I add a reminder",
        "userDefined": false
      }
    ],
    "isTemplate": false,
    "count": 0,
    "updated": 1526621105
  },
  {
    "id": "dab9b286-fcea-4a59-9d66-541d13370301",
    "data": [
      {
        "text": "remind me to ",
        "userDefined": false
      },
      {
        "text": "drink some water",
        "alias": "name",
        "meta": "@sys.any",
        "userDefined": true
      },
      {
        "text": " ",
        "userDefined": false
      },
      {
        "text": "in 5 minutes",
        "alias": "date-time",
        "meta": "@sys.date-time",
        "userDefined": true
      }
    ],
    "isTemplate": false,
    "count": 0,
    "updated": 1526621105
  },
  {
    "id": "eeb1f5a3-3f15-4be6-b669-eb5174b14772",
    "data": [
      {
        "text": "remind me ",
        "userDefined": false
      },
      {
        "text": "tomorrow",
        "alias": "date-time",
        "meta": "@sys.date-time",
        "userDefined": true
      },
      {
        "text": " to",
        "userDefined": false
      }
    ],
    "isTemplate": false,
    "count": 0,
    "updated": 1526621105
  },
  {
    "id": "a20e64e6-e98f-4544-96ea-47057e3d05f5",
    "data": [
      {
        "text": "set a reminder ",
        "userDefined": false
      },
      {
        "text": "for Thursday",
        "alias": "date-time",
        "meta": "@sys.date-time",
        "userDefined": true
      }
    ],
    "isTemplate": false,
    "count": 0,
    "updated": 1526621105
  },
  {
    "id": "8541f435-89ea-42c2-ba8b-c53e2b597e86",
    "data": [
      {
        "text": "new",
        "meta": "@sys.ignore",
        "userDefined": false
      },
      {
        "text": " reminder",
        "userDefined": false
      }
    ],
    "isTemplate": false,
    "count": 0,
    "updated": 1526621105
  },
  {
    "id": "afb0f368-3cf4-4c01-b906-2fe2570fc63a",
    "data": [
      {
        "text": "set reminder for ",
        "userDefined": false
      },
      {
        "text": "dinner with Tom",
        "alias": "name",
        "meta": "@sys.any",
        "userDefined": true
      },
      {
        "text": " please",
        "userDefined": false
      }
    ],
    "isTemplate": false,
    "count": 0,
    "updated": 1526621105
  },
  {
    "id": "2558600c-44b8-4867-a850-951aa875c97c",
    "data": [
      {
        "text": "set reminder for me",
        "userDefined": false
      }
    ],
    "isTemplate": false,
    "count": 0,
    "updated": 1526621105
  },
  {
    "id": "0db45835-8b14-45a6-8aaa-fb1c9712f6f0",
    "data": [
      {
        "text": "remind me about ",
        "userDefined": false
      },
      {
        "text": "dinner",
        "alias": "name",
        "meta": "@sys.any",
        "userDefined": true
      },
      {
        "text": " ",
        "userDefined": false
      },
      {
        "text": "in 1minute",
        "alias": "date-time",
        "meta": "@sys.date-time",
        "userDefined": true
      }
    ],
    "isTemplate": false,
    "count": 0,
    "updated": 1526621105
  },
  {
    "id": "b6f5b286-354f-41c6-8f3c-c0e54496bd84",
    "data": [
      {
        "text": "make a reminder",
        "userDefined": false
      }
    ],
    "isTemplate": false,
    "count": 0,
    "updated": 1526621105
  },
  {
    "id": "972c86b5-fda5-451d-a53f-1dda5695da31",
    "data": [
      {
        "text": "set reminder ",
        "userDefined": false
      },
      {
        "text": "for 2 pm",
        "alias": "date-time",
        "meta": "@sys.date-time",
        "userDefined": true
      }
    ],
    "isTemplate": false,
    "count": 0,
    "updated": 1526621105
  },
  {
    "id": "05229560-1d06-49b4-b241-e3ad8b220c6f",
    "data": [
      {
        "text": "remind me to ",
        "userDefined": false
      },
      {
        "text": "charge my phone",
        "alias": "name",
        "meta": "@sys.any",
        "userDefined": true
      },
      {
        "text": " ",
        "userDefined": false
      },
      {
        "text": "everyday",
        "alias": "recurrence",
        "meta": "@recurrence",
        "userDefined": true
      },
      {
        "text": " at ",
        "userDefined": false
      },
      {
        "text": "11:00 pm",
        "alias": "date-time",
        "meta": "@sys.date-time",
        "userDefined": true
      }
    ],
    "isTemplate": false,
    "count": 0,
    "updated": 1526621105
  },
  {
    "id": "69ac6f20-7283-45c1-b801-e6950641ed94",
    "data": [
      {
        "text": "add reminder ",
        "userDefined": false
      },
      {
        "text": "feed a cat",
        "alias": "name",
        "meta": "@sys.any",
        "userDefined": true
      },
      {
        "text": " ",
        "userDefined": false
      },
      {
        "text": "in 3 min",
        "alias": "date-time",
        "meta": "@sys.date-time",
        "userDefined": true
      }
    ],
    "isTemplate": false,
    "count": 0,
    "updated": 1526621105
  },
  {
    "id": "2652d97d-f70d-4add-b6b6-4ae041a9a3f5",
    "data": [
      {
        "text": "remind me at ",
        "userDefined": false
      },
      {
        "text": "2:35 p.m. tomorrow",
        "alias": "date-time",
        "meta": "@sys.date-time",
        "userDefined": true
      },
      {
        "text": " to ",
        "userDefined": false
      },
      {
        "text": "not park in the back parking lot",
        "alias": "name",
        "meta": "@sys.any",
        "userDefined": true
      }
    ],
    "isTemplate": false,
    "count": 0,
    "updated": 1526621105
  },
  {
    "id": "8b61ae73-1de2-4425-8268-2eac03fdadaf",
    "data": [
      {
        "text": "add reminder for ",
        "userDefined": false
      },
      {
        "text": "meeting",
        "alias": "name",
        "meta": "@sys.any",
        "userDefined": true
      }
    ],
    "isTemplate": false,
    "count": 0,
    "updated": 1526621105
  },
  {
    "id": "e46d4264-d1fc-412d-a718-cc487e1848dd",
    "data": [
      {
        "text": "set reminder ",
        "userDefined": false
      },
      {
        "text": "buy milk",
        "alias": "name",
        "meta": "@sys.any",
        "userDefined": true
      },
      {
        "text": " on ",
        "userDefined": false
      },
      {
        "text": "November 11 at 5 pm",
        "alias": "date-time",
        "meta": "@sys.date-time",
        "userDefined": true
      }
    ],
    "isTemplate": false,
    "count": 0,
    "updated": 1526621105
  },
  {
    "id": "ad11fdd4-511b-49fd-acc7-f5c31d86f7d6",
    "data": [
      {
        "text": "can I set a reminder",
        "userDefined": false
      }
    ],
    "isTemplate": false,
    "count": 0,
    "updated": 1526621105
  },
  {
    "id": "2998defa-36ff-4dfb-9f60-aa66d6f31495",
    "data": [
      {
        "text": "remind me to ",
        "userDefined": false
      },
      {
        "text": "call my brother",
        "alias": "name",
        "meta": "@sys.any",
        "userDefined": true
      },
      {
        "text": " on ",
        "userDefined": false
      },
      {
        "text": "Veterans day",
        "alias": "date-time",
        "meta": "@sys.date-time",
        "userDefined": true
      }
    ],
    "isTemplate": false,
    "count": 0,
    "updated": 1526621105
  },
  {
    "id": "30a9fec4-0b61-4640-9d8e-963ead4c13af",
    "data": [
      {
        "text": "I want to add a reminder",
        "userDefined": false
      }
    ],
    "isTemplate": false,
    "count": 0,
    "updated": 1526621105
  },
  {
    "id": "e301ecb0-b30b-45fb-bd34-c7c42f7fcda0",
    "data": [
      {
        "text": "remind me to ",
        "userDefined": false
      },
      {
        "text": "buy movie tickets",
        "alias": "name",
        "meta": "@sys.any",
        "userDefined": true
      },
      {
        "text": " for ",
        "userDefined": false
      },
      {
        "text": "Friday evening",
        "alias": "date-time",
        "meta": "@sys.date-time",
        "userDefined": true
      }
    ],
    "isTemplate": false,
    "count": 0,
    "updated": 1526621105
  },
  {
    "id": "a24f9f91-59e8-4fdd-a3fb-83d958da47c4",
    "data": [
      {
        "text": "remind me to ",
        "userDefined": false
      },
      {
        "text": "book a parking spot for my Carnival Cruise",
        "alias": "name",
        "meta": "@sys.any",
        "userDefined": true
      }
    ],
    "isTemplate": false,
    "count": 0,
    "updated": 1526621105
  },
  {
    "id": "ed4e53e7-6b9e-40e8-858f-33e2bbae2391",
    "data": [
      {
        "text": "remind me once about ",
        "userDefined": false
      },
      {
        "text": "running",
        "alias": "name",
        "meta": "@sys.any",
        "userDefined": true
      }
    ],
    "isTemplate": false,
    "count": 0,
    "updated": 1526621105
  },
  {
    "id": "f0782d00-528e-4334-b0f9-9d5534c60fdc",
    "data": [
      {
        "text": "remind me to ",
        "userDefined": false
      },
      {
        "text": "call dad",
        "alias": "name",
        "meta": "@sys.any",
        "userDefined": true
      }
    ],
    "isTemplate": false,
    "count": 0,
    "updated": 1526621105
  },
  {
    "id": "6e7b1728-16d4-4be4-8609-38964829a368",
    "data": [
      {
        "text": "remind me ",
        "userDefined": false
      },
      {
        "text": "everyday",
        "alias": "recurrence",
        "meta": "@recurrence",
        "userDefined": true
      }
    ],
    "isTemplate": false,
    "count": 0,
    "updated": 1526621105
  },
  {
    "id": "344e9927-f313-4161-acfb-aba39a70f946",
    "data": [
      {
        "text": "I need you to remind me",
        "userDefined": false
      }
    ],
    "isTemplate": false,
    "count": 0,
    "updated": 1526621105
  },
  {
    "id": "82aa1ab4-f045-493a-bb0d-1ff04fa48906",
    "data": [
      {
        "text": "I need a reminder for ",
        "userDefined": false
      },
      {
        "text": "today",
        "alias": "date-time",
        "meta": "@sys.date-time",
        "userDefined": true
      }
    ],
    "isTemplate": false,
    "count": 1,
    "updated": 1526621105
  },
  {
    "id": "a05f3283-5081-4f98-9b24-c5d04ff21211",
    "data": [
      {
        "text": "set a new reminder",
        "userDefined": false
      }
    ],
    "isTemplate": false,
    "count": 0,
    "updated": 1526621105
  },
  {
    "id": "94779e6b-aeef-47b2-aea2-7341e7fe8017",
    "data": [
      {
        "text": "remind me at ",
        "userDefined": false
      },
      {
        "text": "1 p.m.",
        "alias": "date-time",
        "meta": "@sys.date-time",
        "userDefined": true
      },
      {
        "text": " that ",
        "userDefined": false
      },
      {
        "text": "I have to eat",
        "alias": "name",
        "meta": "@sys.any",
        "userDefined": true
      }
    ],
    "isTemplate": false,
    "count": 4,
    "updated": 1526621105
  },
  {
    "id": "8db25329-597a-4b83-ac66-a8d1e12cbe7b",
    "data": [
      {
        "text": "I want a reminder",
        "userDefined": false
      }
    ],
    "isTemplate": false,
    "count": 0,
    "updated": 1526621105
  },
  {
    "id": "81e8bbf7-a44a-4adc-9868-58c59ac7d9d5",
    "data": [
      {
        "text": "make a reminder for me",
        "userDefined": false
      }
    ],
    "isTemplate": false,
    "count": 0,
    "updated": 1526621105
  }
]